detail.requirements,detail.main_tasks,detail.preferred_points
"• 3년 이상의 백엔드 개발 경력을 보유하신 분.
• Python과 JavaScript(TypeScript) 프로그래밍 언어에 능숙하신 분.
• RDB 및 NoSQL에 대한 깊은 이해와 최적화 경험이 있으신 분.
• AWS의 여러 서비스를 활용한 아키텍처 설계에 능숙하신 분.
• 자기주도적이고 커뮤니케이션이 유연하신 분.","• 세무 관련 서비스의 개발과 운영을 담당합니다.
• 유연하고 안정적인 백엔드 시스템을 설계하고 개발합니다.
• 속도감 있게 서비스를 확장합니다.","• 세무 관련 실무 경험이 있으신 분.
• FastAPI, NestJS 등 백엔드 프레임워크 경험이 있으신 분.
• Restful API, GraphQL등 다양한 백엔드 API를 설계하고 개발한 경험이 있으신 분.
• 시스템 확장 과정에서 발생하는 다양한 문제를 해결해 본 경험이 있으신 분.
• B2B, B2C 서비스 운영을 경험하신 분.
• Admin 화면(Front)에 대한 유지보수 경험이 있으신 분."
"• 학력: 4년제 정규대학 이상 학위 보유(예정)자
※ 졸업 예정자의 경우 2025.08 까지 학위 취득이 가능하신 분
• 병역필 또는 면제로 해외여행에 결격 사유가 없는 분에 한하여 지원 가능합니다.
• 입사 후 3개월 간 수습기간이 적용되며, 수습기간 동안의 처우는 100% 동일합니다.
• C, C++, Verilog, Linux, FPGA, Xilinx Vivado, Vitis, Altium, Cadence
• FPGA 관련 인터페이스 및 IP 생성","• 통신 모델 보드의 모델 FPGA 프로그래밍 및 테스트 (vivado 및 vitis 함께 사용)
• 통신 모델 보드의 주변 회로 인터페이스 프로그래밍
• ASIC 을 위한 블럭 IP 코딩 등","• 석사 학위 수여자
• 유관업무 경력자 (2년 이상)
• 하만 세미콘 아카데미, IDEC 등 설계 교육 수료자"
"• 학력: 4년제 정규대학 이상 학위 보유(예정)자
※ 졸업 예정자의 경우 2025.08 까지 학위 취득이 가능하신 분
• 병역필 또는 면제로 해외여행에 결격 사유가 없는 분에 한하여 지원 가능합니다.
• 입사 후 3개월 간 수습기간이 적용되며, 수습기간 동안의 처우는 100% 동일합니다.
• C, C++, Verilog, Linux, FPGA, Xilinx Vivado, Vitis, Altium, Cadence
• FPGA 관련 인터페이스 및 IP 생성","• 통신 모델 보드의 모델 FPGA 프로그래밍 및 테스트 (vivado 및 vitis 함께 사용)
• 통신 모델 보드의 주변 회로 인터페이스 프로그래밍
• ASIC 을 위한 블럭 IP 코딩 등","• 석사 학위 수여자
• 유관업무 경력자 (2년 이상)
• 하만 세미콘 아카데미, IDEC 등 설계 교육 수료자"
"• Flutter 앱 개발 경력 2년 이상이신 분
• Firebase 기반 앱 개발 경험을 보유하신 분
• iOS 및 Android 앱 배포 경험이 있으신 분
• REST API 및 WebView에 대한 이해도가 높은 분
• Git을 활용한 협업 및 코드 리뷰 경험을 보유하신 분
• 사용자 중심의 UX 설계 역량을 갖춘 분","우리는 빠른 실행과 반복을 통해 제품의 완성도를 끌어올리고, 디자이너·기획자·백엔드 개발자와 긴밀하게 협업합니다. 코드 리뷰와 기술 공유를 통해 함께 성장하는 문화를 지향하며, AI 도구와 최신 기술을 적극 활용하고 새로운 시도를 장려합니다. 스타트업 환경에서 직접 신규 서비스를 만들어가는 과정을 즐기며, 함께 성장할 개발자를 기다리고 있습니다.

• Flutter 기반의 크로스플랫폼 앱을 개발하고 유지보수합니다
• 추천, 랭킹, 찜하기, 공유, 상점, 프로필 등 사용자 기능을 구현합니다
• Firebase를 연동하고 푸시 알림 기능을 구현합니다
• WebView 및 Unity WebGL 기반 게임 실행 기능을 개발합니다
• 디자이너·백엔드 개발자와 협업하여 UI/UX를 구현합니다
• Riverpod, BLoC 등 상태 관리 아키텍처를 설계하고 적용합니다","• 성능 최적화 및 아키텍처 설계 경험이 있는 분
• WebGL, Unity WebView 연동 경험이 있는 분
• 미니게임/캐주얼 게임 제작 경험이 있는 분
• 최신 Flutter 라이브러리(Riverpod, GoRouter 등) 사용 경험이 있는 분
• 스타트업 초기 단계에서 제품을 개발해본 경험이 있는 분
• 게임을 좋아하거나 직접 만들어본 경험이 있는 분"
"• 백엔드 및 프론트엔드 개발 경험 10년 이상 (node.js next.js nest.js)
• 보안 SaaS 제품의 콘솔 개발 및 운영 경험
• 클라우드 기반 SaaS 서비스 개발 및 운영 경험
• 사용자 인증 및 권한 관리 시스템 설계 경험
• API 설계 및 통합 경험 (REST, GraphQL, gRPC 등)
• 빌링, 인보이스, 결제 시스템 개발 및 리팩토링 경험
• 팀 리딩 경험 (8명 이상의 개발팀 관리 경험)
• AWS, GCP, Azure 등 클라우드 인프라 운영 경험
• 영어 커뮤니케이션 능력 (제품 관리자, 마케팅, 영업팀과 협업 가능 수준)","• 새로운 브랜드의 통합 콘솔 개발 및 운영 리드
• Nest.js Next.js 기반의 사이트 개발 및 운영
• 기존 java 기반의 legacy 시스템들(2개)에서 운영되는 회원 권한 관리, 가격 정책 관리 등의 기능을 Nest.js Next.js기반의 시스템으로 이관
• 회원 권한 관리, 가격 정책 관리 정책등을 기존 lagacy 시스템에서 연계할 수 있도록 구성
• 보안 SaaS 제품의 콘솔 개발 및 최적화
• 사용자 인증 및 권한 관리 시스템 설계 및 개발
• 각 제품팀이 제공하는 API 연동 및 데이터 단일화
• 분산된 빌링, 인보이스, 결제 시스템 통합 및 최적화
• 클라우드 기반 SaaS 환경에서 확장 가능한 아키텍처 설계
• 개발 리소스 70%, 팀 매니지먼트 및 협업 30% 비중으로 업무 수행
• 제품팀, 디자인팀, 운영팀과의 협업을 통해 일관된 사용자 경험 제공
• 해외 제품 관리자, 마케팅, 영업팀과의 영어 커뮤니케이션","• 멀티 테넌트 SaaS 환경에서의 개발 경험
• 마이크로서비스 아키텍처 및 서버리스 개발 경험
• DevOps 및 CI/CD 환경 구축 경험
• 보안 관련 개발 경험 (DRM, 인증, 데이터 보호 등)"
"• 백엔드 서버 개발 분야 10년 이상 실무 경험
• Java 및 Spring Framework에 대한 높은 숙련도
• AWS 서비스(EC2, S3, RDS, Lambda 등) 경험
• 마이크로서비스 아키텍처(MSA)에 대한 설계 및 개발 경험
• Apache Kafka와 같은 빅데이터 처리 도구 사용 경험
• 대규모 데이터베이스 솔루션에 대한 경험
• Docker 및 Kubernetes를 활용한 배포 파이프라인 경험
• 뛰어난 문제 해결 능력과 협업 능력
• 빠르게 변화하는 환경에서 적응력과 우수한 커뮤니케이션 능력
• 주도적이고 능동적인 업무 수행 능력
• TDD, DDD 개발 방법론 경험","1. Multi-DRM 백엔드 개발
• Widevine, FairPlay Streaming, PlayReady Multi-DRM 라이선스 발급 백엔드 시스템 유지보수 및 고도화
• 컨테이너 기반 On-Premis 서버 솔루션 설계 및 개발

2. 빅데이터 로그 처리
• 하루 1억 건 이상의 DRM 라이선스 발급 로그를 처리할 수 있는 데이터 파이프라인 설계 및 개발
• 대용량 데이터에서 유연하고 활용 가능한 통계 데이터를 추출할 시스템 설계
• 장기적인 로그 데이터 저장 및 검색 성능 최적화","• 영어 소통 능력
• 멀티미디어 콘텐츠 보안 분야 개발 경험"
"[마인드셋]
• 구성원으로서의 책임과 역할에 대해 명확하게 이해하고, 몰입을 통해 회사와 본인의 성장을 이루어내고자 하는 분
• 다양한 의견을 경청하면서도 본인만의 철학을 갖춘 코딩을 추구하시는 분
• 글로벌 서비스에 대한 관심과 열정을 보유하신 분
• 한국의 트렌드가 글로벌로 성장하는 것에 공감하고 이에 대한 관심이 많으신 분
• 스스로의 역량을 한정짓지 않고 탁월한 성과를 기반으로 급진적인 성취와 성장을 추구하시는 분
• 다양한 백그라운드의 이해관계자들과 목표 지향적인 커뮤니케이션이 가능하신 분
• 도메인에 대한 관심과 이해를 바탕으로 문제에 집중하여 통찰력 있는 해결책을 제시할 수 있는 분 
• 빠르게 변화하는 환경에 유연하게 적응하고, 실험을 두려워하지 않는 분
• 동료와의 원활한 커뮤니케이션과 지식 공유에 적극적인 분

[스킬셋]
• TypeScript로 서버 어플리케이션을 2년 이상 개발해본 경험이 있으신 분
• OOP에 대한 이해를 바탕으로 객체의 책임, 역할, 협력에 대해 고민하시는 분
• AWS / Linux 환경에서 Container 기반 인프라 구축 및 운영 경험이 있으신 분
• RDBMS / NoSQL에 대한 이해를 바탕으로 서비스 개발 및 운영 경험이 있으신 분","• 백엔드 개발 및 운영, 또는 코어팀에서 DX(Developer Experience) 향상 업무 
• 확장성과 유지보수성을 고려한 API 설계 및 관리  
• LLM(대형 언어 모델) 등 AI 기술을 활용한 PoC(Proof of Concept) 및 DX 개선 실험
• 팀원들과의 적극적인 협업 및 코드 리뷰, 기술 문서화
• Stackshare(https://stackshare.io/creatrip/backend)","• 속도 빠른 스타트업이나 애자일 조직을 경험해 보신 분 
• 성능 최적화와 운영 자동화를 위한 지속적인 노력을 해본 경험이 있으신 분
• 대규모 트랜잭션 처리 경험이 있으신 분 
• 고가용성의 확장 가능한 시스템을 설계하고 운영해본 경험이 있으신 분
• LLM 등 AI 기술을 활용한 프로덕트 개발 또는 PoC 경험이 있으신 분
• 오픈소스 프로젝트 기여 경험이 있으신 분
• 다국어 서비스 개발 경험이 있으신 분"
"[필수 역량] 
아래 셋 중 하나 이상의 경험을 반드시 가지고 있어야해요.
1. 보안이 중요한 서비스를 개발/운영해보신 분
2. 구독 기반의 SaaS나 플랫폼 서비스를 A to Z로 개발하고 운영해 본 경험이 있는 분
3. 경리프로그램이나 ERP 프로그램, 송금 프로그램 등을 개발해본 경험이 있는 분","[업무] 담당하실 업무에요!
• 이커머스 도메인 중심으로 돈의 흐름을 투명히 보여주는 서비스를 만듭니다.
    - 저는 이걸 경리 서비스라 부르고싶지 않습니다. 단순 돈 정리가 아닌 의사결정을 서포트하는데 목표가 있습니다.
    - 회사에서 돈의 흐름은 블랙박스입니다. 그 누구도 정확히 알 수 없죠. 알 수 없는데 어떻게 개선할 수 있을까요?
    - 투명하게 돈의 흐름을 보여주고 싶습니다. 어떤 어려움도 없이요. 오픈된 공고 특성상 모든 것을 얘기할 수는 없지만, 계획은 모두 있습니다. 실현이 필요합니다.
    - 이 과정에서 AI를 적극적으로 활용합니다.
    - 점차 도메인을 확장해 나갑니다.

• 혼자 모든 짐을 짊어지진 않을거예요. 큰 그림을 가지고 있지만 작고 가볍게 시작하니까요.
    - 그 동안 많은 상품을 기획하고 판매하며 얻은 성공의 단일 원칙은 작고 뾰족하게 시작해야 된다는 것입니다.
    - 당근마켓은 2주만에 MVP로 서비스를 시작했습니다. 일단 시작하고, 사용자의 요구에 따라 빠르게 업그레이드 했죠.
    - 100만가지 역할을 생각하지만 일단 1개의 핵심 기능으로 바로 출시 합니다.
    - MVP로 수익성, 시장성이 완전히 확인 되면 적극적으로 팀을 확장할 계획입니다. 

• 더 나아가 사업주들을 대상으로 사업을 돕는 다양한 서비스로 확장합니다.
    - 단순히 재고가 몇개 남았다는걸 알려주는 재고 프로그램은 많지만 seasonality 시장 상황 등을 반영해 Forecasting 을 해주는 곳은 없습니다. 발주 시점을 예측해주는 서비스도 충분히 우리가 침투할 수 있는 서비스 영역이예요.
    - 이미 온컴은 많은 마케팅을 ai로 자동화하고 있습니다. 마케팅 대행을 충분히 할 수 있을정도로요. 경리 플랫폼에 모인 경영자라면 누구든 서비스나 재화를 팔아야합니다. 좋은 상품을 가지고 있는데 마케팅이 어려운 분들에게는 ai로 자동화된 마케팅 서비스를 출시해 우리가 도와줄 수도 있겠죠.
    - IT 개발이 어려운 중소기업들이 거절할 수 없는 '뾰족한 가치를 지닌 서비스'들로 확장해서 기업 성장의 근간이 되어줄거예요.


[온컴은 이런 미친 성장을 함께 만들고 있습니다.]
온누리커뮤니케이션은 Amazon 1위 육아용품 ""Lansinoh"", 패스트 샴푸 전세계 1위 ""Nisim"" 등
글로벌 브랜드를 국내에서 성공적으로 전개하고,
자체 브랜드를 키워나가며 '이커머스 베스트셀러 포식자'가 되어가고 있습니다.
  • 21년 6억  22년 13억  23년 31억  24년 60억  25년 120억(예상)

그렇지만 이에 안주하지 않아요. 우리는 “이커머스 베스트셀러 포식자”가 되자는 비전 아래서
 • 3년 뒤 매출 3,000억 / 영업이익 300억 / 브랜드 연매출 +500억(총 6개 브랜드) 
 • 국내외 시장 및 아마존 카테고리 1위
 • 취업 희망, 복지 기업 1위
 • 세부적인 목표를 실현하기 위해 오늘도 무섭게 성장하고 있습니다.
이 폭발적인 성장의 중심에서, 회사의 성장과 나의 성장을 동일시하며 희열을 느낄 분을 찾습니다.


온누리커뮤니케이션을 더 자세히 알고 싶다면 ?
 • 온누리커뮤니케이션 채용 페이지
 • 온누리커뮤니케이션 공식 블로그
 • 온컴 CEO Youtube


[왜 온컴이어야 당신의 역량을 펼칠 수 있냐면요]
• 논리, 합리가 중요한 문화입니다.
    - 숫자로 얘기합니다.
    - 감, 직급, 정치 없이 투명한 데이터로 토론하고 결정합니다.
    - 신입이고 대표고 직급이 중요하지 않습니다. 공동 목표에 따른 합리적 의사결정이 더 중요합니다.
    - 합리적으로 의사결정하실거라는 믿음으로 자율성을 보장해드려요.
• 효율을 위해 투자합니다.
    - 더 많은 것을 경험하고 써봐야 더 빠르게 성장한다고 믿습니다.
    - 새로운 툴에 대한 오픈 마인드로 적극적으로 도입하고 있습니다.
    - 특히 앞으로 AI를 활용한 분석은 더욱 중요해지겠죠. 온컴은 신규 출시된 AI라면 일단 결제하고 볼 정도로 AI활용에 적극적입니다.
• 당신이 이 서비스의 리더가 됩니다.
    - 이 포지션은 단순히 주어진 요청사항을 코드로 옮기는 역할이 아닙니다.
    - 사수가 없다는 것은 반대로 모든 것을 리드할 수 있다는 것입니다. 기술 스택 선정부터 서비스 아키텍처 설계, 개발 문화 구축까지 모든 것을 주도하게 됩니다.
    - 스타트업의 가장 큰 리스트는 ‘아무도 원하지 않는 제품을 만드는 것’이죠. 그 리스크는 제가 책임질테니, ‘시장이 있을까?’ 하는 불안감 없이, 오직 어떻게 최고의 제품을 만들 것인가에 집중해주세요.
    - 리스크 없이 주도적으로 무언가를 해본다, 혹은 리스크 없는 사업을 해본다고 생각하시면 설레시나요? 그런 분이라면 정말 즐거운 시간이 될거예요!","[우대 역량] 
풀어야 할 문제와 시장에 대한 확신은 있지만, 어떤 기술로 어떻게 만들어야 할지에 대한 정답은 가지고 있지 않습니다. 
그래서 단순히 주어진 요청사항을 코드로 구현하는 개발자가 아닌, 서비스의 기술적 방향을 제시하고 책임지는 '기술 파트너'를 찾습니다. 

그렇다고 모든걸 이미 잘하는 천재나 유니콘을 찾는건 아니예요. 
새로운 것도 빠르게 배워서 적용하면 된다는 마인드를 가진 분이라면 아직 미완성형이라도 환영합니다!

• 스스로 길을 만드는 '기술적 리더십'을 갖춘 분
    - 정해진 기술 스택은 없습니다. React, Vue, Node.js, Python, Java 등 어떤 기술이든 이 문제를 푸는 데 가장 적합하다고 생각하는 이유와 근거를 제시하고, 그 선택을 주도해 나갈 수 있는 분을 원합니다.
    - 구독 기반의 SaaS나 플랫폼 서비스를 A to Z로 개발하고 운영해 본 경험이 있다면 더할 나위 없이 좋습니다. '어떻게'에 대한 정답을 스스로 찾고, 서비스의 전체 아키텍처를 설계하고 구축해 본 경험이 있는 분이라면 최고의 인재입니다. 
    - 특히 저희는 고객의 민감한 '돈'을 다룹니다. 안정성과 보안을 최우선으로 고려하며 기술적 의사결정을 할 수 있으면 좋겠습니다. 모르면 배워서 한다는 생각을 가지고 계시면 충분합니다.
• 비즈니스를 이해하고 함께 토론할 수 있는 '전략적 파트너'인 분
    - 제가 보지 못하는 기술적 리스크를 먼저 발견하고, 함께 해결책을 토론할 수 있는 분을 찾습니다.
    - '왜 이 기능을 만들어야 하는가?'에 대해 끊임없이 질문하고, 더 나은 제품을 만들기 위해 똑똑한 동료(바로 저입니다!)와 치열하게 토론하며 결과물을 만드는 과정 자체를 즐기는 분이었으면 합니다.
• 결과로 증명하는 것을 즐기는 '빠른 실행력'을 갖춘 분
    - 거대한 계획보다 작고 빠른 실행과 검증의 힘을 믿습니다. 완벽을 추구하며 주저하기보다, 빠르게 시도하고 고객의 피드백으로 개선해나가는 MVP(Minimum Viable Product) 개발 방식에 동의하는 분을 원합니다.
    - 높은 자율성 속에서 스스로 목표를 설정하고, 몰입해서 문제를 해결하며 희열을 느끼는 분이라면 최고의 기회가 될거예요!


[이력서 Tip! 꼭 읽어주세요!]

※ 이력서나 포트폴리오에 이런 내용을 담아주시면 저희가 더 깊이 이해할 수 있습니다.
• 지금까지 했던 프로젝트 중, 기술 스택 선정이나 아키텍처 설계 등 주도적으로 기술적 의사결정을 했던 경험과 그 이유를 설명해주세요.
• 가장 의미 있었던 '0에서 1을 만들어 본' 경험에 대해 이야기해주세요.


[근무조건]
• 정규직 (수습 3개월 계약, 처우 동일)"
"• Java & Spring 기반 웹 서비스 개발 경력 5년 이상
• RESTfull API 설계 및 개발 경험
• Oracle/MySQL 등 DB 설계 및 SQL 개발 역량
• NoSQL(Redis) 기반 설계 및 개발 경험
• 클라우드 환경 및 Kubernetes(K8S) 기반 서비스 개발 경험
• 서비스 아키텍처 설계 및 프로젝트 리딩 경험","• 상품 전시 및 큐레이션 시스템 개발
• 리뷰 및 평점 관리 시스템 개발
• Back-end 연동을 위한 interface 시스템 개발
• 플랫폼 안정성 향상 및 운영 효율화를 위한 개선 활동 업무
  * 장애 대응 및 기술적 리스크 분석/개선
  * 성능 모니터링 및 시스템 구조 개선","• Android/iOS 앱 생태계에 대한 이해 보유
• 대용량 트래픽 환경에서의 서비스 개발 경험
• 메시징 미들웨어 (RabbitMQ, Kafka) 를 활용한 개발 경험
• 지속적인 아키텍처 개선 및 리팩토링 경험
• AI 도구 활용을 통한 생산성 향상 경험
• 비즈니스 영어 커뮤니케이션 가능자"
"• Java & Spring 기반 웹 서비스 개발 경력 5년 이상
• RESTfull API 설계 및 개발 경험
• Oracle/MySQL 등 DB 설계 및 SQL 개발 역량
• NoSQL(Redis) 기반 설계 및 개발 경험
• 클라우드 환경 및 Kubernetes(K8S) 기반 서비스 개발 경험
• 서비스 아키텍처 설계 및 프로젝트 리딩 경험","• 게임/앱 상품 관리 시스템 개발 및 운영
  * 개발자 포털(Developer Center)의 Front-end/Back-end 개발
  * CMS 기반 앱 운영 플랫폼 개발
• Android/iOS/Windows 앱 바이너리 분석 및 대응 체계 개발
• 개발자 포털의 개발 및 유지보수
• 플랫폼 안정성 향상 및 운영 효율화를 위한 개선 활동 업무
  * 장애 대응 및 기술적 리스크 분석/개선
  * 성능 모니터링 및 시스템 구조 개선","• 개발자콘솔 또는 유사한 개발자 에코시스템 개발 경험
• 모바일(Android, iOS) 개발 경험
• 대용량 트래픽 환경에서의 서비스 개발 경험
• 메시징 미들웨어 (RabbitMQ, Kafka) 를 활용한 개발 경험
• 지속적인 아키텍처 개선 및 리팩토링 경험
• AI 도구 활용을 통한 생산성 향상 경험
• 비즈니스 영어 커뮤니케이션 가능자"
"• Java/Kotlin 및 Spring Boot기반 웹 어플리케이션 개발 및 상용화 경험 5년 이상인 분
• AWS 클라우드 및 K8S 기반 서비스 개발 경험 3년 이상인 분
• SQL 및 NoSQL 계열 데이터 베이스 활용 경험 3년 이상인 분","• 차량 구독 서비스 기능에 대한 기술 검토와 Backend 설계 / 개발 / 운영
• 차량 데이터 및 고객 데이터를 기반의 Open API 구조 설계 및 개발
• 유연하고 확장 가능한 Service Backend 시스템 구축
• 프로젝트 스프린트 경험
• 동료 개발자의 성장을 지원·멘토링하고, 기술적 방향성을 제시하는 Tech Lead 역할 수행
• 코드 리뷰를 통해 문제점 파악 및 개선 제안 경험
• 서비스 모니터링을 통해 성능과 구조 개선을 추구
• 차량 구독 서비스를 포함한 통합 모빌리티 플랫폼 구축에 기술적으로 기여","• 개발 프로젝트 리드 또는 리드한 서비스를 직접 운영해 본 경험을 보유하신 분
• 모빌리티 및 구독 서비스 기업 또는 그와 유사한 서비스 관련 업무 경험이 있는 분
• Kafka 기반 Micro service 서비스 개발 경험
• Gitlab, argoCD 등을 활용한 CI/CD 자동화 경험"
"- 5년 ~ 최대 경력 8년
- Oracle 및 기타 DB 엔지니어 및 DBA 경력 필수
- 고객사 및 동료와 원활한 커뮤니케이션이 가능하신 분
- DBMS 아키텍처에 관심이 많은 분","- Postgresql 데이터베이스 설치 / 운영
- Postgresql Replication 및 HA 구성
- Postgresql 백업 / 복구","- 이기종 DBMS 마이그레이션 경험
- 대용량 데이터 마이그레이션 경험
- SQL 튜닝 능력 및 경험
- 쉘 스크립트 작성"
"• C# .NET 기반 개발 경험 3년 이상
• 산업 자동화, 물류 시스템, 제어 소프트웨어 중 하나 이상 경험
• C, C++ 또는 Java 기반 개발 경험자도 지원 가능
• 하드웨어 통신 (PLC, Sensor, I/O 등) 시스템 개발 경험
• 실제 운영 환경에서 디버깅 및 성능 최적화 경험","• C# 기반 AMHS 제어 시스템 설계 및 아키텍처 개발
• 하드웨어-소프트웨어 간 실시간 인터페이스 테스트 및 검증
• 반도체 공정 시뮬레이션 및 시스템 성능 테스트
• 자동화 시스템의 기능 안정화 및 유지보수","• 반도체, 물류, 제조 자동화 시스템 경험
• 시스템 매뉴얼, 기능 사양서 문서 작성 경험
• MQTT, Socket 통신 경험
• Node.js 기반 연동 백엔드 이해
• Git 등 협업툴 사용 경험"
"• Backend 개발 경력 최소 6년 이상
• Java, Spring framework 기반의 분산 시스템을 경험하신 분
• 문제를 해결하고자 하는 의지가 강하고, 실제 해결하실 수 있는 분
• 고객 서비스 개발, 비지니스 개발에 흥미가 있으신 분
• 개발자로서 발전하고 싶은 욕구가 강하신 분","• 쿠팡페이는 쿠팡을 온라인 결제가 가장 편리한 사이트로 만드는 것을 목표로 합니다.
• 쿠팡페이가 제공하는 다양한 서비스를 담당하는 Product Engineering팀의 개발자로서, 독보적인 핀테크 서비스를 개발하는 데 참여하고, 코드 리뷰를 통해 좋은 품질의 코드로 보다 고도화된 결제 서비스를 제공하는 역할을 담당합니다.
• 국내 최초 원터치 결제 시스템인 ""쿠페이""를 안정적으로 제공하고 고도화하는 역할 또한 Product Engineering 팀 개발자의 역할 중 하나입니다.
• 천 만 명의 고객들이 보다 향상된 결제 서비스를 이용할 수 있도록 문제를 함께 해결하고, 서비스를 개발합니다.
• 또한 회계팀, 자금팀, fintech 개발팀과 협업하여 fintech 백오피스를 개발/운영하는 등 고객에게 보다 빠르고 편리한 결제 경험을 선사하기 위해, 다양한 유관 부서와의 협업에 주도적으로 참여합니다.","• JPA, MSA에 대한 이해도가 높으신 분
• Payment 도메인에서 근무 경험이 있는 분
• 장애 관리 및 모니터링 기능이 있는 대규모 운영 시스템 경험이 있는 분
• 애자일 소프트웨어 방법론이 익숙하신 분
• 대용량 데이터의 대사 작업이 익숙하신 분"
"[자격 요건]
• 5년 이상 또는 그에 준하는 C++ 게임 서버 개발 경험이 있으신 분
• 멀티플레이 게임서버 개발/운영 경험이 있으신 분
• 네트워크, 데이터베이스(postgreSQL) 분야의 기초가 튼튼한 분
• C++ 을 사용하여 신규 게임 서버 개발 및 유지/보수가 가능하신 분
• 보안 관련 지식을 숙지하신 분
• AWS 등 클라우드 기반 배포 pipeline 설계 및 운영 경험이 있으신 분
• 요구사항에 대한 의도를 파악하고, 요구사항을 구현하기 위한 적합한 기술적인 방식을 제안하는 적극성과 커뮤니케이션 역량","[주요 업무]
• 기존 Node.js, C# 포톤 서버를 C++ 서버로 포팅
• 신규  게임 모드/소셜 콘텐츠 개발 및 유지 보수
• 라이브 서비스 발생 이슈 대응 및 안전성 유지
• 리팩토링을 통한 게임 최적화","[우대 사항]
• AWS 활용에 능숙한 분
• K8s, 도커 활용에 능숙한 분"
"• 2년 이상의 백엔드 개발 경력 또는 이에 준하는 완성도 높은 결과물 구현 능력
• Elixir에 대한 깊은 언어적 이해 및 ErlangVM (BEAM)에 대한 기초적인 지식
• 비즈니스 요구사항에 따른 RDBMS, Cache, Data Structure 설계 경험
• Phoenix 프레임워크와 GenServer, GenStage 등을 이용하여 웹 서비스를 개발해본 경험
• Linux 기반 운영체제에 대한 이해와 기본적인 명령어 활용 능력
• Docker 를 활용한 개발 및 배포 경험
• AWS Cloud 환경에 대한 이해와 서비스 배포 경험
• 언어와 환경에 구애 받지 않고 가장 적합한 스택을 기반으로 서비스를 구축할 수 있는 능력

[publ 핵심 기술 스택]
• Elixir, Typescript, Modern Javascript(ES6+)
• Phoenix, Nest.js, Express, Fastify, 그 외 각 Microservice에 적합한 기술 스택 
• Postgresql, Redis
• Kafka, RabbitMQ, Elastic Search
• Terraform (IaC), AWS
• ECS, Fargate, Elastic Beanstalk, Docker
• Bitbucket, Bitbucket Pipeline (CI/CD)","백엔드 개발자는 다음 분야들 중 일부를 담당하며 신규 개발 및 유지보수를 수행합니다.

[코어 서비스 개발 분야]
• 셀러를 위한 웹 빌더 서비스의 관리 API 개발
• 빌링 / 페이먼트 등 결제 및 정산 시스템 개발
• 사용자 세그먼트와 통계 관리 시스템 개발
• 프로모션과 Notification 관리 시스템 개발
• 각 서비스 모듈에 대한 사용량 계측 및 모니터링 시스템 개발
• 그 외 서비스 운영 또는 BI를 위한 어드민 개발

[부가 서비스 개발 분야]
• 예약 / 티켓팅 등 스케쥴 기반 비즈니스 관련 서비스 모듈 개발
• 페이지 에디터 엔진 및 핵심 알고리즘 모듈 개발
• 실물 상품 커머스 관련 서비스 모듈 개발","• 컴퓨터공학 전공자로서 자료구조, 네트워크, 운영체제, 파일시스템, 알고리즘에 대한 이해
• E-Commerce, Payment, 통계 중 하나 이상의 도메인을 깊이 다뤄본 경험
• Ruby On Rails, NestJS 등 1개 이상의 다른 스택을 이용해 서버를 개발해본 경험
• Nginx 를 활용하여 reverse proxy 또는 간단한 dns 서버를 개발해본 경험
• 서비스 설계부터 개발, 출시, 운영까지 A to Z에 대한 경험

[이런 분을 찾습니다.]
• 합리적 사고를 바탕으로 수평적인 의견 교환이 가능한 분
• 문제 인식과 목적의식이 뚜렷한 분
• 사용자의 워크플로우에서 기술적 요구사항을 도출하고, 고차원적인 해결 방안을 모색할 수 있는 분
• 코드와 문서를 통해 효과적으로 소통하는 분
• 표준과 컨벤션을 중시하며, 해외 기술 문서를 즐겨 읽는 분
• 개발에 대한 열정이 가득하고, 개발 이야기를 나누는 것을 즐기는 분"
"• 2년 이상의 백엔드 개발 경력 또는 이에 준하는 완성도 높은 결과물 구현 능력
• Modern Javascript(ES6+)에 대한 깊은 언어적 이해 및 Typescript를 다뤄본 경험
• 비즈니스 요구사항에 따른 RDBMS, Cache, Data Structure 설계 경험
• NestJS 또는 Node 기반 프레임워크를 이용하여 웹 서비스를 개발해본 경험
• Linux 기반 운영체제에 대한 이해와 기본적인 명령어 활용 능력
• Docker 를 활용한 개발 및 배포 경험
• AWS Cloud 환경에 대한 이해와 서비스 배포 경험
• 언어와 환경에 구애 받지 않고 가장 적합한 스택을 기반으로 서비스를 구축할 수 있는 능력

[publ 핵심 기술 스택]
• Typescript, Modern Javascript(ES6+), Elixir
• Nest.js, Express, Fastify, 그 외 각 Microservice에 적합한 기술 스택 
• Postgresql, Redis
• Kafka, RabbitMQ, Elastic Search
• Terraform (IaC), AWS
• ECS, Fargate, Elastic Beanstalk, Docker
• Bitbucket, Bitbucket Pipeline (CI/CD)","백엔드 개발자는 다음 분야들 중 일부를 담당하며 신규 개발 및 유지보수를 수행합니다.

[코어 서비스 개발 분야]
• 셀러를 위한 웹 빌더 서비스의 관리 API 개발
• 빌링 / 페이먼트 등 결제 및 정산 시스템 개발
• 사용자 세그먼트와 통계 관리 시스템 개발
• 프로모션과 Notification 관리 시스템 개발
• 각 서비스 모듈에 대한 사용량 계측 및 모니터링 시스템 개발
• 그 외 서비스 운영 또는 BI를 위한 어드민 개발

[부가 서비스 개발 분야]
• HLS, DASH를 이용한 라이브 또는 VOD 스트리밍 관련 서비스 모듈 개발
• 채팅 / WebRTC / Notification 등 실시간 커뮤니케이션 관련 서비스 모듈 개발
• 예약 / 티켓팅 등 스케쥴 기반 비즈니스 관련 서비스 모듈 개발
• 페이지 에디터 엔진 및 핵심 알고리즘 모듈 개발
• 실물 상품 커머스 관련 서비스 모듈 개발","• 컴퓨터공학 전공자로서 자료구조, 네트워크, 운영체제, 파일시스템, 알고리즘에 대한 이해
• E-Commerce, Payment, 통계 중 하나 이상의 도메인을 깊이 다뤄본 경험
• Elixir & Phoenix 를 다루어 서버를 개발해본 경험 또는 해당 스택으로의 개발 경험을 쌓고자 하는 분
• Nginx 를 활용하여 reverse proxy 또는 간단한 dns 서버를 개발해본 경험
• 서비스 설계부터 개발, 출시, 운영까지 A to Z에 대한 경험

[이런 분을 찾습니다.]
• 합리적 사고를 바탕으로 수평적인 의견 교환이 가능한 분
• 문제 인식과 목적의식이 뚜렷한 분
• 사용자의 워크플로우에서 기술적 요구사항을 도출하고, 고차원적인 해결 방안을 모색할 수 있는 분
• 코드와 문서를 통해 효과적으로 소통하는 분
• 표준과 컨벤션을 중시하며, 해외 기술 문서를 즐겨 읽는 분
• 개발에 대한 열정이 가득하고, 개발 이야기를 나누는 것을 즐기는 분"
"• 5년~8년 이하 백엔드 개발 경력 보유자
• 하나 이상의 언어와 웹 프레임워크에 대한 깊은 이해 보유자 (Kotlin/Spring Boot 선호, 단 필수 아님)
• 테스트 코드 작성 경험이 충분하며, 코드 품질에 대한 기준이 분명한 분
• 빠르게 실행하고 피드백 루프를 만드는 것에 익숙한 분
• AI 도구(AI Agent, LLM 등)를 활용한 개발 경험 또는 학습에 적극적이신 분

*특정 연령집단의 고용유지 지원을 위한 채용 건 (연령차별금지법 제4조의5-차별금지의 예외)","• 기존 서비스의 레거시 코드 리팩토링 및 효율화 작업
    - 스케줄·배차, 청구·정산 등 핵심 비즈니스 로직 정비 및 자동화 설계 주도
• 비즈니스 모델 고도화를 위한 개발 파이프라인 설계
    - 서비스 구조/기능 단위의 아키텍처 설계 및 리딩
    - 새로운 기능 구현 및 내부 운영 프로세스 자동화
• AI 기반 기능 기획 및 구현
    - LLM, AI Agent 등 AI 기술을 활용한 실험 및 적용","• 제품 기획부터 상용화까지, 서비스 아키텍처 설계/개발/구축 경험
   (적정 기술 선택, 고가용성 설계, 분산 시스템 설계, 성능 최적화 등)
• 상용 서비스 운영/유지보수/고도화/아키텍처 개선 경험
   (안정성 강화, 장애 대응, 확장성 개선 등)
• 다양한 AWS 관리형 서비스를 실제 서비스에 효과적으로 활용해 본 경험
• 자동화 프레임워크를 활용한 코드 품질 및 안정성 확보 경험
• 오픈소스 프로젝트에 기여하거나 활발한 기술 커뮤니티 활동 경험"
"• JavaScript(ES6 이상), node.js 개발 능력을 보유하신 분
• RDB 또는 Nosql 설계 및 개발이 가능하신 분
• HTML5, CSS3, 웹 표준의 이해가 높으신 분
• 유연한 문제해결 능력과 투명한 커뮤니케이션 역량을 보유하신 분
• 담당 업무에 몰입할 수 있고, 그 과정에서 얻게 되는 성취와 성장에 가치를 두는 분
• 서비스 품질에 대한 책임감과 개선에 대한 의지가 있으신 분","• 코딧 플랫폼의 API 서버를 개발하는 일을 합니다.
• 법안/법령/정책 등 고객에게 제공하는 다양한 종류의 데이터를 웹 또는 공공 API에서 수집하는 일을 합니다.
• 데이터를 수집하는 여러 크롤러의 데이터 파이프라인을 구축 및 운영합니다.","• Typescript, Python 개발 경험이 있는 분
• Beautifulsoup4, Puppeteer 능숙하신 분
• ELK를 이용하여 데이터 인덱싱 또는 API 연동 경험이 있는 분
• Apache Airflow를 이용하여 크롤러 스케줄링 및 운영 경험이 있는 분
• 어려운 문제를 주도적으로 해결한 경험이 있거나 즐기는 분
• 긍정적이고 능동적인 마인드를 보유한 분
• 변하는 상황에 맞춰 다양한 업무를 경험하고 싶은 분
• 성장하는 스타트업을 경험하고 싶으신 분"
"- 컴퓨터 전공자 우대
- 정보처리기사, SQLD,OCP자격보유자 우대
- 전산직 경력 5년 이상자 우대","● 서버/네트워크 관리 및 운영
● 전산시스템(ERP 등) 관리 및 운영","우대사항(공통)
- 해당분야 경력 3년 이상 경력자 / 전기/전자공학 전공자(연구개발에한함)
- 석사학위 취득자
- 어학능력 우수자(OPIC IM 2급 이상)
- 보훈대상자"""
"• Linux 환경에 대해 이해가 있으신 분
• Python 백엔드 개발 역량을 보유하신 분
• Docker, Kubernetes 등 컨테이너 서비스에 대한 이해가 있으신 분
• Javascript, React 등 프론트엔드 개발 경험이 있으신 분","• AI 기반 애플리케이션 개발 및 기능 패치
• AI 기반 애플리케이션 인프라 설치 및 배포
• AI 기반 애플리케이션 기술지원, 유지보수
• AI 기반 애플리케이션 트러블슈팅 및 버그 패치
• AI 기반 프로젝트 지원","• AI MLOps 및 DevOps에 대한 이해가 있으신 분
• Kubernetes 클러스터 서비스 기반 환경을 구축하고 배포해본 경험이 있으신 분
• AWS, Azure, GCP 클라우드 플랫폼 사용 경험이 있으신 분
• Mysql, MariaDB 등 RDB 기반 데이터베이스 이해가 있으신 분
• Git 기반 협업 경험이 있는 분
• Linux 쉘 스크립트 개발 경험이 있으신 분
• RESTful API 설계 및 개발 경험이 있으신 분
• AI 및 LLM 최신 기술 트렌드에 관심이 많은 분"
"• Python 기반 AI 서비스 개발 경험이 있는 분
• FastAPI 등 Python 웹프레임워크 개발 경험이 있는 분
• React 기반 Frontend 개발 경험이 있는 분
• Docker, Kubernetes 환경 서비스 개발 경험이 있는 분
• RAG 시스템 구축 및 운영 경험이 있는 분
• MariaDB, PostgreSQL 등 다양한 형태의 데이터베이스 경험이 있는 분
• Javascript/TypeScript, Node.js 기반 backend 개발 경험이 있는 분","• RAG 시스템 인프라 설계 및 구축
• 데이터 파이프라인 구축
• LLM 기반 AI 시스템 또는 Agent Workflow 시스템 개발
• MLOps,LLMOps 환경 구축 및 운영
• AI-OCR 시스템 구축 및 운영","• AI MLOps,LLMOps에 대한 이해가 있으신 분
• AWS,GCP,Azure 등 클라우드 기반의 AI인프라 구축 및 관리 경험
• LangChain, LlamaIndex 등 LLM 프레임워크 경험
• 벡터 DB 및 검색 엔진 활용 경험
• LLM 성능 최적화를 위한 프롬프트 엔지니어링 또는 RAG 구조 최적화 경험
• AI 도구를 통한 개발자 생산성 향상, 자동화 개발 유경험자
• GitHub 기여, 기술 블로그 운영, 개발 커뮤니티 참여 경험
• 기술만이 아닌 ‘사용자 가치’를 고민하는 제품 중심 사고"
"• 총 경력 2년 이상(python, fastapi, sqlalchemy 개발 경력이 최소 1년 이상)
• 비동기 프로그래밍(asyncio 등)에 익숙하신 분
• 데이터베이스 설계 능력을 보유하신 분
• AWS 환경 경험 및 CI/CD 구축 경험 (Github Action)
• Docker Swarm 혹은 kubernetes와 같은 컨테이너 오케스트레이션 툴 기반으로 서비스를 운영해보신 분
• 밝은 성격과 긍정적인 마인드, 원활한 의사소통 능력으로 대인 관계가 원활하신 분","• 신규 서비스 설계 및 개발, 배포
• 기존 서비스 유지보수 및 성능 개선
• 온프레미스, 클라우드 등 다양한 환경에서의 시스템 개발 및 운영","• AI 모델 서빙 경험이 있으신 분
• 분산 처리 시스템 구축 또는 운영 경험
• MSA 기반 서비스 개발 경험
• 서버 부하 감소 혹은 비용 감소를 고려하여 개선해본 경험이 있으신 분
• 대용량 트래픽 처리 경험이 있으신 분
• python 외에도 다른 언어에 관심이 있으신 분 

[기술스택]
• 프로그래밍 언어 : python
• 프레임워크 : fastapi
• 데이터베이스 : postgresql, redis, timescaledb
• 메시지 브로커 : rabbitmq
• 컨테이너 오케스트레이션 : docker, docker swarm (추후 서비스가 커지면 kubernetes 도입 예정)
• 클라우드 : AWS
• CI/CD : github action
• 버전 관리 : git
• 모니터링 및 로깅 : grafana, prometheus, loki, tempo
• 협업 도구 : slack, jira, confluence, notion"
"• 금융회사 및 전자금융업계 시스템 개발 경력 3년차 이상 및 코드리뷰 역량을 보유하신 분을 원해요.
• Java/Kotlin, React 등 IT서비스 개발 경험 혹은 관련 지식을 보유하여 로직 검증이 가능하신 분을 원해요.
• 전자금융감독규정, 전자금융거래법에 대한 이해도가 있으신 분을 원해요.","• 전문성을 바탕으로 코드 레벨에서의 점검 및 개선을 통해서 안전하고 신뢰감 있는 카카오페이를 만들어요.
• 비교, 추천 알고리즘 소스의 신규/변경/폐기에 대한 적정성 정기점검 수행 및 보고를 담당해요.
• 신규 상품 및 서비스 출시 단계에서, 검토요청에 따라 프로그램 개발 로직의 적정성을 검토해요.
• 금융상품 서비스 변경시, 최종 결과물에 대한 코어 소스를 점검하고 이슈사항을 확인해요.
• API 프로그램 코드에 대한 상시/정기 점검 및 보고를 수행해요.","• 원활한 커뮤니케이션과 효과적인 협업 및 문제해결 능력을 갖추신 분이면 더 좋아요.
• 문제의식과 책임감이 높으신 분이면 더 좋아요.
• 금융/핀테크/전자금융업 IT환경에 대한 이해가 높으신 분이면 더 좋아요.
• 금융회사, 전자금융업계 및 회계법인에서 IT감사, 내부통제 업무 경력이 있으신 분이면 더 좋아요."
• Node.js 및 Express를 활용한 서버 개발 경험,"■ 백엔드 개발자 (Node.js/Express 기반)
• AI inference 및 병기 판정 알고리즘 서버 구축 및 운영
• 의료 데이터(EMR, PACS 등) 연동 API 개발","■ 백엔드 개발자 (Node.js/Express 기반)
• MySQL 데이터베이스 경험
• RESTful API 설계 및 개발 경험
• Firebase 관련 경험
• AWS 클라우드 서비스 활용 능력
• 의료 데이터 처리 및 보안 관련 지식
• Swagger를 활용한 API 문서화 경험
• TypeScript 활용 능력"
"•React JS 웹 프론트엔드 개발 경력 5년 이상이신 분
•생성형 AI를 적극 활용하여 개발 생산성과 기술 경쟁력을 향상시키고, 문제해결/고부가가치 업무로의 전환 등 업무 방식을 개선하는 데에 관심이 있으신 분
•웹 게임 또는 게이미피케이션 기반 웹 서비스 개발 유경험자이신 분
•소프트웨어 아키텍쳐 및 테스트 주도 개발 방법론에 대한 이해도를 보유하신 분","1) 컬리 라운지 웹 개발

•컬리앱 라운지탭 내의 웹 기반 컨텐츠 개발
•라운지 컨텐츠 기반 신규 웹사이트 개발


2) 게이미피케이션 기반 웹 서비스 개발

•마이컬리팜, 오늘의타로 등 기존 서비스 신규 기능 개발 및 유지보수
•게이미피케이션 기반 웹 서비스, 게임 신규 개발","•코드 리뷰에 진심이신 분 (코칭이 아닌 객관적 근거로 토론이 가능한 분)
•자기 주도적 학습과 목표 설정이 가능하신 분
•가설 기반으로 빠른 iteration 경험이 있으신 분 (매주 최소 3회 이상 실험 수행) 
•GPT, Gemini, LangChain 등 새로운 기술을 적극 활용한 경험이 있거나, 이에 열려 있으신 분"
"• 관련 경력 3년 이상 또는 그에 준하는 뛰어난 역량을 갖추신 분을 찾습니다. 
• C# 및 .NET을 활용한 서버 개발 경험이 풍부하며, 실제 상용 서비스 개발 및 운영 경험이 있으신 분을 찾습니다. 
• 확장성과 안정성을 고려한 서비스 아키텍처 설계 경험이 있으신 분을 찾습니다.
• Git을 능숙하게 사용하여 버전 관리 및 협업 프로젝트를 효율적으로 진행할 수 있으며, 코드 리뷰 문화에 익숙하신 분을 찾습니다.
• 주어진 요구사항을 단순히 구현하는 것을 넘어, 본질적인 문제를 분석하고 효율적인 해결 방안을 찾아 코드로 구현할 수 있는 탁월한 문제 해결 능력을 보유하신 분을 찾습니다.
• 라이브 서비스 운영 경험이 있으며, 예측 불가능한 서비스 문제 발생 시 신속하게 원인을 파악하고 안정적으로 대응하여 해결할 수 있는 역량을 갖추신 분을 찾습니다.
• WebSocket, gRPC 등 다양한 네트워크 프로토콜을 활용한 개발 경험이 있으며, 고성능 통신 환경 구축에 대한 이해가 깊으신 분을 찾습니다.
• FirestoreDB, MongoDB, Redis 등 NoSQL 데이터베이스 또는 인메모리 데이터 스토어 사용 경험이 있으신 분을 찾습니다.
• GCP, AWS 등 Public Cloud 환경에서 실제 서비스를 설계, 구축, 운영해 본 경험이 있으신 분을 찾습니다.","• 프레임워크 아키텍처 설계 및 개선 : 안정적이고 확장 가능한 플랫폼의 핵심 프레임워크 아키텍처를 설계하고 지속적으로 개선합니다. 이를 통해 개발 효율성을 높이고 서비스의 견고한 기반을 다집니다.
• 공용 콘텐츠 내재화 및 가이드 : 여러 서비스에서 공통으로 사용될 핵심 콘텐츠 및 모듈을 내재화하고, 다른 팀들이 이를 효율적으로 활용할 수 있도록 명확한 개발 가이드를 제공합니다.
• 제공 기술 지원 및 서비스 문서화 : 개발된 기술 스택과 서비스의 동작 방식에 대한 명확하고 상세한 기술 문서를 작성하여 팀 내 지식 공유를 활성화하고 효율적인 협업을 지원합니다.
• 새로운 기술에 대한 R&D : 최신 기술 트렌드를 주시하고, 서비스 개선 및 확장을 위한 새로운 기술을 탐색하고 연구 개발하여 실제 적용 가능성을 타진합니다.","•새로운 기술 트렌드에 대한 깊은 관심과 함께, 단순히 지켜보는 것을 넘어 신기술 도입 및 실제 프로젝트에 적용하는 데 적극적으로 참여하고자 하는 열정이 있으신 분이면 더 좋습니다. 
• 대규모 서비스 및 고성능 트래픽을 안정적으로 처리할 수 있는 아키텍처를 직접 설계하고, 구축 및 운영해 본 경험이 있으신 분이면 더 좋습니다. 
• 자신이 개발하고 제공하는 서비스에 대해 적극적으로 기술 가이드를 제공하고, 동료 개발자들의 기술적 성장을 돕는 것을 즐기시는 분이면 더 좋습니다. 
• 개발 과정에서 문서화의 중요성을 깊이 이해하고 있으며, 명확하고 체계적인 문서 작성을 통해 지식 공유와 협업 시너지를 창출할 수 있는 분이면 더 좋습니다."
"• 웹/백엔드 개발 경력 3년 이상 보유
• Java/Spring Boot로 RESTful API 설계·구현·문서화 경험
• 코드 리뷰·기술 설계 주도 및 원활한 팀 커뮤니케이션 능력
• 문제 해결 의지와 이를 실행으로 옮길 수 있는 능력
• 고객 서비스 개발 및 비즈니스 개발에 대한 높은 관심
• 서비스 기획 단계부터 릴리즈·운영까지 전 과정에 적극적으로 참여하려는 의지","• Java/Spring 기반 신규 PG 서비스(결제·정산·백오피스(Admin)) 설계·개발·운영
• PHP 기반 레거시 시스템 운영·모니터링 및 기능 개선
• RESTful API 설계·구현·문서화
• 대용량 트래픽 처리 및 시스템 성능 최적화를 위한 아키텍처 설계·주도
• 동료 개발자와의 협업을 통한 코드 리뷰·기술 설계·운영 모니터링","• Payment(결제·정산·송금) 도메인 근무 경험
• 시스템 운영 및 기능 개선 경험
• AWS/Kubernetes 환경에서 CI/CD 파이프라인 구축·운영 경험
• 테스트 자동화(TDD) 및 코드 품질 관리 도구 활용 경험"
"• 총 경력 10년 이상(국내 ERP솔루션 개발 경력 3년이상)
• MyBatis를 이용한 데이터베이스 연동 및 쿼리작성
• PL/SQL, Java 및 Spring 프레임워크를 활용한 개발
• 학사 이상 학위 소지","• 재무회계 프로세스 개선 및 ERP 시스템 분석/설계/개발
  주 개발업무 대상
 - 재무회계, 결산, 고정자산, 자금관리, 전표관리, 재무제표, 예산관리, 세무관리, 리스관리 등
• 제안서, 제품소개서 등 요청자료의 작성 및 지원","• IFRS, K-IFRS, 내부회계관리제도 대응 시스템 경험자
• 정보처리기사 및 회계관련 자격증 보유자"
"ㆍ경력 : 경력3년 이상
ㆍRuby on Rails 프로그래밍 언어 가능자
ㆍ클라우드 환경 서비스 운영 경험자 (AWS)
ㆍ최신 웹 기술 및 REST API 대한 이해도 높은자 
ㆍCI/CD 파이프라인을 통해 운영 환경에 서비스 구현 경험자
ㆍDBMS(mySQL) 사용 가능자
ㆍGraphQL 사용에 능통자","백엔드 개발 
＞＞ 서버 및 프로그램 개발
ㆍAPI 개발 (Ruby on Rails)
ㆍSDK 개발 (Open API)
ㆍ인프라 구축 및 운영 (배포 자동화 등)","ㆍRuby on Rails 이용한 개발 및 운영 경험
ㆍ대규모 트래픽 및 글로벌 서비스 경험
ㆍElastic Stack 사용 경험
ㆍInfrastructure 구축 경험 (Terraform.)
ㆍPOS System애 대한 이해가 있으신분"
"• 웹 애플리케이션 개발 및 운영 경력 2년 이상 또는 그에 준하는 실력을 보유한 분
• Java 및 Spring Framework 기반 Web Application, RESTful API 개발 경험이 있는 분
• MSA(Microservices Architecture) 기반 시스템 개발 및 운영 경험이 있는 분","• 여기어때의 예약 및 결제 플랫폼 백엔드 개발 및 운영
• 다양한 예약/결제 수단에 대한 연동 및 시스템 설계
• 안정성과 확장성을 고려한 서비스 아키텍처 설계 및 개선
• 사용자 경험을 고려한 결제 흐름 최적화 및 성능 개선","• E-Commerce, O2O 서비스 개발 경험이 있는 분
• 대용량 트래픽 처리를 위한 시스템 설계 경험이 있는 분
• Backend 환경 이외에 웹/앱/데이터 등의 기술에 대한 기본 지식이 있는 분
• SQL Query의 작성 및 분석/튜닝이 가능한 분
• 논리적이고 체계적인 문제 해결 능력과 커뮤니케이션 능력을 보유한 분
• 컨테이너 기반 기술(Docker/ECS/K8S) 이행 및 경험이 있는 분
• JPA, Hibernate 등 ORM 사용과 도메인 모델링 경험이 있는 분
• AWS를 이용한 개발, 상용 서비스 운영 경험이 있는 분
• Event 기반 서비스를 경험해 보고 운영 경험이 있는 분
• PG 연동을 위한 시스템을 설계/개발하거나 운영해 본 경험이 있는 분
• 간편결제 시스템을 설계/개발하거나 운영해 본 경험이 있는 분
• 프론트엔드/앱/데이터 영역에 대한 기초적인 기술 이해가 있는 분"
"• 2년 ~ 5년 이하의 백엔드 개발 경험이 있으신 분
• 이미 동작하는 코드를 빠르게 이해하고, 디버깅 등을 통해 원활히 수정할 수 있으신 분
• Golang 사용경험, 혹은 여러 프로그래밍 언어를 사용하는데 두려움이 없으신 분
• API 서버 개발 경험이 있으신 분
• 기본적인 Database, linux 시스템 이용 능력이 있으신 분
• Docker 관련 기본적인 이해 및 사용 경험이 있으신 분
• AWS, GCP 등 클라우드 인프라 사용 경험이 있으신 분
• 원활한 커뮤니케이션 및 협업 능력이 있으신 분","• 미프/KLAT 서비스 백엔드 기능 개발 및 운영
1. Golang 으로 개발된 미프/KLAT 서비스의 백엔드 서버를 개발하고 운영하게 됩니다.
2. 백엔드 기능 개발부터 클라우드 인프라 운영까지 다양한 업무를 진행하게 됩니다.

• 인프라 및 배포 환경 구축 / 관리
1. cockroachdb, mysql, redis, dynamodb 등 다양한 데이터베이스의 특성을 이해하고 장단점에 따라 혼용하게 됩니다.
2. 일부 nodejs로 구현된 레거시 코드를 개선하여 golang으로 전환하게 됩니다.

• 팀 내 다른 프로젝트 백업","• 머신러닝 관련 역량을 보유하신 분
• terraform 관련 역량을 보유하신 분
• 침입탐지, 보안관련 역량을 보유하신 분

참고하세요! 
• 3개월 계약직 (수습기간) 근무 후 평가를 통해 정규직 전환 여부가 결정돼요.
• 채용절차는 서류전형 1차 실무 면접, 2차 인성 면접, 최종 합격으로 진행해요. (면접 단계는 축소되거나 추가될 수 있어요)
• 모든 채용 과정은 채용절차법을 준수하고 있어요.
• 직무수행과 무관한 정보(결혼유무, 본적 등)는 삭제하고 제출해주세요.
• 해외여행 및 근무에 결격사유가 없어야 해요.(남성의 경우 병역을 마쳤거나 면제 받은 분)
• 지원서 내용이 사실과 다를 경우, 채용이 취소되거나 불이익을 받을 수 있어요."
"• Front-end 개발 경험 (react 프레임워크, HTML/CSS/JavaScript 등)
• Back-end 개발 경험 - Java 개발 경험 (spring framework, batch)
• Restful API 기반 개발 경험
• RDBMS (Oracle/PostgreSQL/MySQL) 경험
• Linux 기반지식 보유 (기본 명령어, Shell)
• Git 명령어를 통한 commit/merge 등 Git 사용이 자유로운 분","• React 기반 Portal / Dashboard 개발 (publishing 포함) 
• Java Spring 기반 Back-end 개발 
• OpsNow Prime ITSM/Dashboard/Storage 서비스 개발
• Go lang기반 서비스 분석 및 마이그레이션
• 특정 타겟 virtual mechine의 agent install 자동화 개발","• Prometheus, Grafana, Istio, Jenkins, Vault, n8n, Keycloak, Redis, Kafka, RabbitMQ, MinIO 등 다양한 오픈소스 솔루션을 활용한 개발 경험
• NAT, Bridge, Bastion, Service Mesh 등 서버 및 네트워크 구조에 대한 전반적인 이해를 바탕으로 한 설계 및 운영 경험
• Kafka Queue, TSDB 등 분산 시스템 기반의 구조를 활용한 대규모 트래픽 처리 경험
• GitOps 환경에서 GitHub Actions, ArgoCD, Argo Workflow, Jenkins 등을 이용한 자동화 및 CI/CD 파이프라인 구축 경험
• Kubernetes 클러스터 내 etcd, Deployment, DaemonSet 등의 리소스를 직접 운영 및 튜닝한 경험
• Kubernetes, Docker, Docker Compose, Podman 등을 활용한 컨테이너 기반 배포 환경의 설계 및 운영 경험
• LLM 기반 코딩툴을 활용한 개발 업무 자동화 및 생산성 향상 경험"
"• 서버 개발 분야 5년 이상의 경력, 혹은 그에 준하는 경험이 있으신 분
• 웹서비스에 대한 기초 지식을 가지신 분
• 코드 리뷰 및 협업에 능한 커뮤니케이션 능력을 가지신 분
• 할 수 있는 방법을 고민하며, 동료들과 함께 실행하고, 성취하며 성장하기를 원하시는 분
• 동료를 존중하고 협업하며 함께 성장하는 환경을 원하시는 분
• 끊임없는 학습 능력을 갖추신 분","플리토 핵심 서비스 개발 및 개선
• 사용자에게 더 나은 번역 경험을 제공하기 위해 다양한 서비스 기능을 개발하고 기존 시스템을 개선합니다.

백오피스 시스템 개발 및 운영
• 내부 운영 효율성을 극대화하기 위한 백오피스 시스템을 설계하고 개발합니다.

파트너사 연동 및 커스터마이징
• 국내외 다양한 파트너사의 비즈니스 요구에 맞춰 솔루션을 연동하고 맞춤형 개발을 진행합니다.


□ 참고사항
• 플리토 기술 스택
   - Core: TypeScript, Javascript, Vue, Nuxt , React, Angular
   - State Management: pinia, tanstack
   - Styling: CSS, SCSS
   - Lint & formating : ESLint, Prettier
   - Test : Vitest, Storybook, Cypress
   - Build & Infra: pnpm, Monorepo(pnpm workspace + turborepo), Vite
   - Collaboration: Jira, Confluence, Slack, Figma

• CTO 강동한 님의 2022인프런 강의
     “ 언어와 함께 성장하기 – Node.js와 10년, v0.8부터 v16까지 ”
        https://www.inflearn.com/course/infcon2022/unit/120676

• AWS 서밋 서울 2023 키노트
        https://www.youtube.com/watch?v=xYYHB5zfNmo&t=1480s","• 오픈 소스 개발 경력이 있으신 분
• Node.js 개발 경험 있으신 분
• 영문 기술 문서에 거부감이 없으신 분"
"• Java 및 Spring Boot 프레임워크를 활용한 웹 애플리케이션 개발 경험 (개인/팀 프로젝트 등)
• 자료구조, 알고리즘, 네트워크 등 탄탄한 CS 기본 지식을 갖추신 분
• 멀티테넌트 AI Agent 개발 경험 및 Spring AI 프레임워크 사용 경험","1. Spring Boot 기반의 백엔드 API 설계 및 개발
2. AI Agent 백엔드 모듈 개발 협업 및 RAG 검색 개발
3. 사용자 데이터 소스(Google Drive, Notion 등) 연동 및 데이터 인덱싱 시스템 개발
4. AWS(EC2, RDS, S3, Lambda 등) 환경에서 서비스 운영 및 배포 자동화","• Docker, Kubernetes 등 컨테이너 기반 인프라 경험이 있으신 분
• Python, Node.js 등 추가적인 프로그래밍 언어 사용이 가능하신 분
• 개인 블로그 운영, 오픈소스 프로젝트 기여 등 꾸준한 학습과 성장을 증명할 수 있는 분

* 이력서 제출 팁
• 자격 요건 및 우대 사항에 맞는 부분에 대해서 최대한 자세히 기술해 주세요."
"• 3년 이상의 Elasticsearch 기반 검색 시스템 개발 및 운영 경험 (필수)
• MSA 환경에서의 Spring Framework 기반 웹 애플리케이션 서버 개발 경험
• Spring Batch 기반 배치 애플리케이션 개발 및 운영 경험
• 정보 검색 시스템의 구조 전반에 대한 포괄적 이해
• Elasticsearch/Lucene의 도큐먼트 색인·검색 과정 및 분석기에 대한 이해
• JVM 기반 백엔드 웹 애플리케이션 서버 개발 및 운영에 대한 이해
• AWS 등 클라우드 기반 인프라 환경에 대한 이해
• 운영 중인 서비스에 대한 강한 책임감과 오너십을 가지고 주도적으로 개선점을 찾아내고자 하시는 분
• 현상에 대한 근본 원인을 찾기 위해 끈질기게 매달리고 문제의 해결책을 찾는 과정을 즐기시는 분
• 동료와 지식·문제를 공유하며 함께 성장하고 배우고자 하는 태도를 지니신 분","직무소개
크몽의 검색 엔지니어는 사용자 탐색 여정의 핵심인 검색 시스템을 설계, 개발, 유지보수하고, 안정적으로 운영합니다.
• 검색 품질과 성능을 개선하여 사용자들에게 더 빠르게 양질의 검색 결과를 제공함으로써 사용자 경험을 향상시킵니다.
• 검색 시스템의 로그와 지표 등을 모니터링하고 분석하여 다양한 문제와 이슈를 파악하고 해결합니다.
• 검색 시스템의 안정적인 운영을 위해 백엔드팀, SRE팀, 데이터팀과 유기적으로 협업합니다.
• 이를 통해 크몽 검색 시스템 전체에 걸쳐 높은 수준의 안정성과 신뢰성을 확보합니다.

주요업무
• Spring Boot 기반 검색/색인 애플리케이션 개발 및 서비스 배포
• Spring Batch 기반 일괄 재색인 배치 파이프라인 개발 및 운영
• 검색어 자동완성, 연관 검색어 추천, 컨텐츠 검색·집계 등의 기능 개발 및 개선
• Elasticsearch 기반의 검색 인프라 설계, 구축, 운영 및 개선
• 검색 품질 고도화를 위한 다양한 기술 리서치, 도입 및 적용
• 검색 서비스 로그 및 성능 지표 모니터링 및 이슈 대응
• 검색 로그 분석 및 개선을 위한 데이터 기반 인사이트 도출","• MSA 환경에서의 Apache Kafka 기반 Event-driven 애플리케이션 개발 경험
• 벡터 임베딩, kNN 검색 등의 기술을 활용한 시맨틱 검색, 또는 RAG 시스템 구축 경험
• 개인화 컨텐츠 추천 시스템 구축 경험
• 프로덕션 서비스에 OpenAI API 등 외부 AI API 연동 및 운영 경험
• Kibana, Datadog 등 모니터링 도구 활용 경험"
"-  Java, Spring Framework 기반 백엔드 경력을 가지신 분                        
  •   클라우드(AWS) 서버 운영 및 배포 경험이 있으신 분
  •   데이터베이스(RDBMS) 설계 및 운영 경험이 있으신 분                        
  •   Git을 이용한 형상관리와 Git-Flow 기반의 협업 경력이 있으신 분                        
  •   유연한 의사소통을 비롯한 협업 능력을 갖추신 분
  •   스타트업에서 일할 자세를 갖추고 있고 성장하고자 하는 열정과 끈기가 있으신 분","•  Java, SpringBoot 기반 REST API 서버 개발 및 최적화                    
   •  클라우드 기반(AWS) 서버 운영 및 모니터링
   •  어드민 시스템의 백엔드 서버(Java, SpringBoot) 개발 및 유지·보수
   •  데이터베이스 설계 및 쿼리 최적화                  
   •  사용자 입장에서 문제를 파악하고 개선을 위한 대안 설정                     
   •  기타 서비스 성장에 필요한 다양한 업무","•  유연한 의사소통을 비롯한 협업 능력을 갖추신 분
   •  Docker를 비롯한 컨테이너 환경에서의 프로세스 배포 경험이 있으신 분
   •  MariaDB 기반 설계 및 쿼리 최적화 경험이 있으신 분
   •  대용량 트래픽 및 대규모 데이터 처리 경험이 있으신 분
   •  서비스의 유지보수와 확장성을 고려한 설계 경험이 있으신 분
   •  모니터링 시스템 기반 서버 운영 및 CI/CD 구축 경험이 있으신 분"
"• 서버 개발 경험이 있거나 이에 준하는 서버 사이드 개발 역량을 보유한 분
• 멀티스레딩, 비동기 프로그래밍에 대한 경험과 이해가 있는 분
• 다양한 OS,  네트워크, 시스템 프로그래밍에 대한 기본적인 이해가 있으신 분","• 유저 간 화면 및 음성 공유를 위한 서버 통신 클라이언트 네트워크 라이브러리 개발
• 통신 안정성과 속도를 향상 시키기 위한 다양한 기술 연구 및 적용
• 개발 및 배포 자동화 프로세스의 고도화
• 코드 리뷰 등 팀 내 다양한 개발 문화 조성 및 강화","• Asterisk 관련 개발 경험이 있는 분
• WebRTC 개발 경험이 있는 분
• 개발 자동화 및 효율적인 개발 환경에 관심이 많은 분
• 개인과 조직의 성장 방향에 대해 꾸준히 고민하고 개선하려는 분"
"• 학력 : 4년제 대학 졸업 이상 (졸업예정자 가능)
• 경력 : 경력무관
• Kotlin + Spring boot 프로젝트 경험","• Kotlin + Spring Boot 기반 백엔드 API 개발 및 유지보수
• 프론트엔드 개발자와 협업

사용 기술
• 언어: Kotlin 1.9.25
• 프레임워크: Spring Boot 3.4.1
• 보안: Spring Security, JWT
• 데이터베이스: PostgreSQL, Spring Data JPA
• 캐싱: Caffeine
• 이메일: Spring Mail + Gmail SMTP
• 파일 스토리지: AWS S3
• 결제 통합: Portone API
• 푸시 알림: Firebase
• API 문서: Swagger/OpenAPI 3.0
• 클라우드: AWS
• 데이터베이스 호스팅: Supabase","• 클라우드 환경 (AWS) 관리 및 배포 경험자
• PostgreSQL 혹은 MySQL 사용에 익숙하신 분
• Supabase를 사용하여 프로젝트 진행해보신 분"
"• 관련 경력 3년 이상 또는 그에 준하는 뛰어난 역량을 갖추신 분을 찾습니다.
• TypeScript와 Node.js를 활용한 웹 서비스 개발에 능숙하며 관련 개발 경험을 가지고 있는 분을 찾습니다.
- Git을 능숙하게 사용하여 버전 관리 및 협업 프로젝트를 효율적으로 진행할 수 있는 분을 찾습니다.
• 주어진 요구사항을 분석하고, 문제 해결 능력을 발휘하여 효율적인 코드를 작성할 수 있는 분을 찾습니다.
• 라이브 서비스 운영 경험이 있으며, 서비스 문제 발생 시 신속하게 대응하고 해결할 수 있는 분을 찾습니다.
- GCP, AWS 등 Public Cloud 환경에서 실제 서비스를 설계, 구축, 운영해 본 경험이 있는 분을 찾습니다.","• 공통 서비스 아키텍처 설계 : 우리 회사의 다양한 서비스들이 효율적으로 작동하도록, 재사용 가능하고 확장성 높은 공통 서비스 아키텍처를 설계하고 개발합니다.
• 전사 공용 서비스 개발 및 유지보수 : 전사적인 생산성과 효율성을 높일 수 있는 공용 서비스들을 직접 개발하고, 안정적인 운영과 지속적인 개선을 책임집니다.
• 신규 서비스 웹 서버 개발 : 새로운 서비스를 위한 웹 서버를 설계 개발하고 유지보수 합니다.
• 제공 기술 및 서비스 문서화 : 개발된 기술과 서비스에 대한 명확하고 상세한 문서를 작성하여, 전사 조직에 지식 공유를 활성화하고 효율적인 협업을 지원합니다.","• 새로운 기술 트렌드에 대한 깊은 관심과 함께, 신기술 도입 및 적용에 적극적으로 참여하고자 하는 열정이 있으신 분이면 더 좋습니다. 
• 대규모 서비스 및 트래픽을 안정적으로 처리할 수 있는 아키텍처를 설계하고 운영해 본 경험이 있으신 분이면 더 좋습니다. 
• 제공하는 서비스에 대한 적극적인 기술 가이드 제공 경험이 있거나, 이를 통해 동료들의 성장을 돕는 것을 좋아하시는 분이면 더 좋습니다. 
• 개발 과정에서 문서화의 중요성을 이해하고, 명확하고 체계적인 문서 작성을 통해 지식 공유와 협업에 기여할 수 있는 분이면 더 좋습니다. 
• AI(인공지능) 개발 관련 경험이 있거나, AI 기술을 서비스에 접목하여 새로운 가치를 만들어 본 경험이 있으신 분이면 더 좋습니다."
"[이런 분과 함께하고 싶어요]
• 백엔드 개발 실무 7년 이상 또는 그에 준하는 역량을 보유하신 분
• Java, Spring FW, RDBMS 개발 경험을 갖추신 분
• RESTful 또는 gRPC 설계, 개발 경험을 갖추신 분


[이런 경험이 있다면 N배 좋아요]
• 클라우드 플랫폼(AWS, GCP, Azure) 환경에서의 개발 및 운영 경험이 있는 분
• 대용량 트래픽 서비스 개발 및 운영 경험이 있는 분
• Kubernetes 환경의 개발 및 운영 경험이 있는 분
• MSA, SRE 경험이 있는 분
• 문제 해결 능력과 적극적이고 투명한 커뮤니케이션 역량을 보유한 분","[함께 할 업무예요]
• 레저 서비스 개발 및 운영을 담당해요.
• 레저 상품 중개 플랫폼을 설계하고 API를 개발해요.
• 사용자 프런트엔드 및 공급자, 판매자, 운영자 백오피스 설계와 개발을 담당해요.",
"• 학사 + 개발 경력 6년 이상 / 전문학사 + 개발 경력 9년 이상 / 기사 자격 + 개발 경력 4년
• JAVA / Kotlin - Spring Framework 개발에 능숙한 분
• DBMS 를 이해하고 데이터 모델링 경험이 있으신 분
• 설계부터 출시까지 기술적 자립이 가능하신 분
• 디하이의 문화를 존중하고 함께 참여하실 분","• 자사 솔루션 개발 및 운영
• 파트너사에서 의뢰한 프로젝트 개발","• 개발 언어, 프레임웍에 종속되지 않고 다양한 개발 언어와 환경을 학습하는데 거부감이 없으신 분
• 외부 SDK 적용 개발 경험이 있으신 분
• 레거시 코드를 새롭게 리팩토링한 경험이 있는 분
• JPA, QueryDSL 등 ORM 사용 경험 있으신 분
• 컨테이너 기반 기술(Docker/ECS/K8S) 에 경험이 있으신 분"
"• 경력 3년 이상 시스템 소프트웨어 개발 경험
• 영상 이미지 처리 및 컴퓨터 비전 알고리즘 개발 경험
• OpenCV 등 영상처리 라이브러리 사용 경험
• C, C++ 언어에 능숙한 분
• 리눅스 환경에서의 시스템 소프트웨어 개발 및 최적화 경험
• 이력서 및 경력기술서 제출
• 포트폴리오 또는 GitHub 링크 제출","• 스마트팜 영상 모니터링을 위한 실시간 이미지/비디오 처리 시스템 개발
• 컴퓨터 비전 알고리즘 최적화 및 시스템 레벨 구현
• 스마트팜 및 IoT 환경을 위한 시스템 소프트웨어 개발 및 최적화
• 리눅스 기반 서버 및 엣지 디바이스 소프트웨어 설계 및 유지보수
• 영상 데이터 파이프라인 및 실시간 처리 시스템 개발
• AI 및 IoT 데이터를 처리하는 실시간 시스템 개발
• 디바이스 드라이버, 펌웨어 및 네트워크 프로토콜 개발
• GPU 가속 영상 처리 및 고성능 시스템 성능 튜닝
• 웹서비스, AI 및 하드웨어 팀과 협업하여 시스템 통합 및 테스트 진행","• 실시간 영상 스트리밍 및 비디오 코덱 최적화 경험
• 객체 검출, 이미지 분할, 영상 분석 알고리즘 구현 경험
• GPU 기반 영상처리 가속화 경험
• 카메라 하드웨어 제어 및 영상 캡처 시스템 개발 경험
• IoT, AI 관련 시스템 소프트웨어 개발 경험
• javascript, node.js 사용 가능자
• 임베디드 리눅스 및 펌웨어 개발 경험
• 멀티미디어 프레임워크 경험
• SIMD 등의 하드웨어 가속 기술 활용 경험
• 멀티스레딩 및 병렬 처리 시스템 개발 경험
• 컨테이너 환경 및 가상화 기술 경험
• 실시간 데이터 처리 및 분산 시스템 설계 경험
• 대규모 데이터 처리 및 성능 최적화 경험
• 네트워크 프로토콜 개발 및 최적화 경험
• 보안 및 네트워크 최적화 경험"
"- Elasticsearch, Solr 등 검색엔진을 충분한 트래픽을 받는 상황에서 구축 및 운영한 경험이 있는 분
- 웹 애플리케이션과 검색 서비스 아키텍처에 익숙한 분
- 새로운 지식과 기술을 받아들여 실제로 필요한 문제를 푸는 데 사용하기를 즐기는 분
- 원활한 커뮤니케이션을 지향하고 배려하는 마음을 보유한 분","- 배달의민족 음식 배달/포장과 커머스 서비스의 검색에 사용되는 검색엔진 클러스터를 운영해요
- 검색에 필요한 데이터를 효율적으로 적재해요
- 사용자 검색어 의도 분석 모듈과 리랭킹 모듈을 만들고 개선해요","- 검색 결과를 개선하는 데 필요한 요소를 발굴하고 만들어본 분
- Kubernetes 환경에서 Statefulset 애플리케이션 운영 경험이 있는 분
- 각종 장애 극복 경험이 있는 분
- 검색 결과가 빨리 나오길 원하는 배고픈 사용자의 마음에 공감하는 분

[개발환경]
- 주요 기술: Elasticsearch(검색, 색인, 형태소 분석), Java, Spring Framework
- 업무 도구: GitLab, Slack, Jira, Confluence, Jenkins
- 코드 리뷰: GitLab merge request를 사용한 코드 리뷰 및 페어 프로그래밍 
- 테스트/빌드/배포: GitLab CI/CD 파이프라인을 통한 자동화 테스트 및 정적분석, 사내 배포 플랫폼 연동
- 컨벤션: 팀 내 컨벤션 규칙을 준수할 수 있도록 가이드 제공"
"• 서버 개발 경력 6년 이상이신 분을 원해요.
• Java8 이상/Kotlin/Spring 및 Spring boot/JPA/Junit 등 주요 언어 및 웹개발 프레임워크 활용 능력 및 경험을 보유하신 분을 원해요.
• REST API 및 RDBMS 기반의 웹애플리케이션 설계/개발/운영 경험을 보유하신 분을 원해요.
• OOP와 Functional Programming 기반의 소프트웨어 디자인/개발 능력이 있으신 분을 원해요.
• 사업/PM/디자인/QA 등 다양한 직군과의 협업 능력이 원활하신 분을 원해요.
• 논리적이고 체계적인 문제해결 능력 및 커뮤니케이션 능력이 있으신 분을 원해요.
• 금융·트레이딩 도메인, 특히 WTS/MTS 서비스의 기술적 요구사항에 대한 깊은 이해와 관심이 있는 분을 원해요","• Web Trading System(WTS)의 핵심 시스템 설계 및 개발 개발하고 고도화해요.
• 국내외 거래소 및 브로커의 API와 연동하여 대량의 시세 및 체결 데이터 파이프라인을 구축하고 운영해요.
• 높은 안정성과 성능을 보장하는 주문처리 모듈을 설계하고 운영해요.
• WTS 트레이딩 로그 및 장애 모니터링 시스템을 구현해서 안정적인 운영 환경을 구축해요.
• 투자 자문, 포트폴리오 운영 플랫폼 등 미래 서비스의 기술적 비전을 제시해요.","• Micro Service Architecture를 이해하고 있고 서비스 설계 및 운영 경험을 보유하신 분이면 좋아요.
• Redis, Kafka 등을 활용한 개발/운영 경험이 있으신 분이면 좋아요.
•  k8s, AWS 등의 인프라 환경에서 개발/운영 경험이 있으신 분이면 좋아요.
• 대용량 트래픽 처리 시스템 개발/운영 경험이 있으신 분이면 좋아요.
• 알고리즘(올림피아드, ACM/ICPC, 기타대회) 경력자이시면 좋아요.
• 금융/핀테크업에서 기술혁신을 주도한 경험이 있으신 분이면 좋아요."
"• 빠른 실험 및 제품 개선 사이클에 익숙하신 분
• 피드백에 적극적이고 긍정적이신 분
• 본인의 성장이 서비스의 성장에 직결된다는 데에서 의미를 느끼시는 분
• Python 기반 서버 개발에 능숙하고, 데이터베이스 및 REST API 설계 경험이 많으신 분
• AsyncIO 등 비동기 아키텍처에 익숙하신 분","• 캐럿 앱/웹 ​제품의 백엔드 ​개발을 담당해요.
• FastAPI로 신규 API와 데이터베이스를 설계, 개발해요.
• 대용량 트래픽을 빠르고 안정적으로 처리할 수 있도록 튼튼하고 안전한 시스템을 개발해요.
• 서비스가 안정적으로 운영될 수 있도록 모니터링, 알림, CI/CD 파이프라인 체계를 구축하고 개선해요.
• 서비스의 빠른 배포 주기에 맞춰 팀과 긴밀히 협업해요.","• Kotlin 및 Spring 프레임워크에 대한 기본적인 이해가 있으신 분
• LLM을 비롯한 생성형 AI를 활용한 제품 개발에 관심이 있는 분
• AWS 기반 시스템에 익숙하신 분
• 대용량 트래픽을 안정적으로 처리하기 위한 최적화 경험이 많으신 분
• 빠르고 안정적인 개발을 위한 CI/CD 경험이 많으신 분"
"※ 백엔드 개발 경력 3년 이상

[하드 스킬]
• Kotlin+Spring 실무 경험
    - 현대적인 백엔드 프레임워크를 활용한 API 개발 경험이 필요합니다.
• 실무 경험 관계형 데이터베이스 활용 경험
    - MySQL, PostgreSQL 등을 활용한 데이터 모델링 및 쿼리 작성 경험이 필요합니다.
• Git을 활용한 버전 관리 및 협업 경험
    - 팀 단위 개발 프로젝트에서 체계적인 버전 관리 경험이 필요합니다.


[소프트 스킬]
• 적극적인 커뮤니케이션 능력
    - 동료 개발자, 기획자, 디자이너와 원활하게 소통하며 협업할 수 있는 능력이 필요합니다.
• 조직 순응성
    - 우리는 긍정적이고 협력적인 팀 환경을 중시합니다. 조직의 목표와 가치에 부합하는 방향으로 노력하며, 팀원들과의 원활한 소통을 통해 조직적인 목표를 달성합니다. 관대함과 포용력이 필요합니다.
• 자기 비판적 사고
    - 우리는 성장과 발전을 위해 자기 비판적인 사고를 즐깁니다. 실수를 학습의 기회로 삼고, 지속적인 개선을 통해 높은 수준의 업무 퍼포먼스를 유지합니다. 피드백을 긍정적으로 받아들입니다.
• 긍정적인 마인드셋
    - 변화와 도전에 긍정적으로 대처할 수 있는 성향을 가진 개발자를 찾습니다. 어려운 상황에서도 긍정적인 태도를 유지하며 문제를 해결하는 데에 적극 참여하는 분을 환영합니다.","[담당 업무]
• AI 서비스 백엔드 개발
    - 신규 AI 커리어패스 에이전트 서비스의 백엔드 기능 개발 및 유지보수를 담당합니다.
• 안정적인 서비스 운영
    - 서비스의 안정성과 성능을 유지하기 위한 모니터링, 버그 수정, 성능 최적화 업무를 수행합니다.
• 코드 품질 향상 및 기술 부채 해결
    - 깔끔하고 유지보수가 쉬운 코드를 작성하며, 기존 시스템의 개선점을 찾아 적용합니다.
• 팀 내 기술 공유 및 협업
    - 동료들과 기술적 지식을 공유하고, 코드 리뷰를 통해 함께 성장합니다.","• CI/CD 파이프라인 구축 또는 개선 경험이 있는 분
    - 개발 효율성과 배포 안정성을 높이기 위한 자동화 경험이 있는 분을 선호합니다.
• 클린 코드와 리팩토링에 관심이 많은 분
    - 읽기 좋고 유지보수하기 쉬운 코드를 작성하는 것을 중요하게 생각하는 분을 선호합니다.
• AWS, GCP 등 클라우드 서비스 활용 경험이 있는 분
• Redis, Elasticsearch 등 다양한 데이터 저장소 활용 경험이 있는 분
• Docker 등 컨테이너 기술 활용 경험이 있는 분"
"#Experience
• Digital OOH 관련 업무 경험자
• JavaScript 및 CSS 다수 경험자
• API 연동 및 Grid Tool 경험자

#Skill / Knowledge
• 원활한 커뮤니케이션과 긍정적인 업무 태도
• Java, Oracle, Spring Framework 개발 경험 보유
• Web/Was에 대한 이해 및 관리 경험","• 광고 시스템 개발/운영
• Front-end/Back-end/인터페이스 시스템 개발/운영
• 광고 운행 시스템 內 운행 Schedule Control 및 Back-end(백오피스), 
   Front-end(광고Player) 인터페이스 시스템을 개발/운영한다
• 대용량 트래픽 시스템의 안정적 운영을 위해 유지/관리 업무 수행","• 디지털 광고 관련 시스템 업무 경험
• 광고 매체 API연동 및 프로시저 개발 경험
• OSS(Kafka, Mqtt 등) 활용 개발 경험보유(우대)"
"• 경력 3년 이상 ~ 5년 이하
• 대학교졸업(4년)이상
• Spring Boot를 이용한 개발 경험이 있으신분
• RestAPI 설계 구현 및 유지보수 경험자
• 데이터베이스 관리 경험(MariaDB, PostreSQL)
• Docker, Kubernetes, Jenkins 사용 경험
• 성격이 활발하고 커뮤니케이션에 열려있는 분","• 자사 플랫폼 백엔드 기능 개선 업무
• 신규 플랫폼 시스템 개발 및 DB 설계
• 팀과 협업하여 문제 해결",
"1. Node.js 및 C++ 기반 백엔드 개발 경력 3년 이상
2. 소켓 통신, 멀티스레드 처리, 네트워크 프로토콜에 대한 이해
3. 자율적이며, 창의적 문제 해결에 열려 있는 분","1. Node.js 및 C++ 기반 서버 아키텍처 설계 및 개발
2. 실시간 데이터 통신 시스템 및 시뮬레이션 연동 백엔드 구현
3. Unreal Engine 기반 콘텐츠와의 통합 개발
4. 고성능 환경에 맞춘 네트워크 최적화 및 성능 개선
5. 프로젝트 팀(디자이너, 그래픽 아티스트, UX 디렉터 등)과의 긴밀한 협업","1. 실시간 시뮬레이션 또는 대용량 데이터 처리 경험자 우대
2. Unreal Engine 연동 혹은 CAN 통신 프로토콜 경험자 우대
3. 실시간 시뮬레이션 또는 대용량 데이터 처리 경험자 우대"
"• 경력 1~15년 (주니어도 지원 가능)
• 웹 개발 전반에 대한 이해 (프론트엔드 우선 /백엔드)
• 빠른 프로토타이핑 능력
• 클라우드 서비스 활용 경험
• 새로운 기술 학습에 대한 적극성","아이디어를 빠르게 구현하여 사용자에게 전달할 수 있는 개발자를 찾습니다. 기술적 완성도보다는 빠른 실행력과 문제 정의 및 해결 능력을 중시하며, 독립적으로 실행 가능한 역량 있는 개발자 분을 찾고 있어요!

• 신사업 아이디어를 빠르게 구현하여 MVP 제작
• 웹 프론트엔드 및 백엔드 시스템 개발
• 확장 가능한 아키텍처 설계 및 구현","백엔드 개발 가능 우대
개인 프로젝트 부트스트랩 경험
• 독립적 실행력 또는 문제 정의 및 해결 능력
• 풀스택 개발 경험
• 소셜/커뮤니티 서비스 개발 경험
• 모바일 앱 개발 경험 (React Native, Flutter 등)
• 제품 기획이나 디자인 영역에 대한 이해
• Cross-functional 역할 수행 가능한 T자형 인재
• 스타트업 또는 신사업 TF 경험
• 빠른 변화와 불확실성에 대한 적응력
• 능동적이고 주도적인 업무 스타일
• 새로운 서비스와 트렌드에 대한 높은 관심도"
"• JAVA, spring 및 springBoot를 이용한 개발경험
• MariaDB 등 RDBMS사용 경험 및 데이터 설계 & 활용
• docker 등 컨테이너환경 경험 및 활용
• B2C서비스 개발 및 운영 경험
• 내/외부 어플리케이션 연동(결제 및 인증모듈 등)
• MSA에 대한 이해도 및 application, api설계
• 원활한 협업능력
• 이하 현재 기술스택 전반적 활용에 무리가 없으신 분","•JAVA springBoot기반의 백엔드 개발
• restful API 설계 및 개발
• JPA 및 queryDSL을 활용한 웹 어플리케이션 개발
• 아이피아 서비스 기획 및 운영에 대한 협의, 설계 및 지원/운영 등","• 웹툰/웹소설 또는 쇼핑몰 등의 플랫폼 개발 및 운영 
• Docker, K8S등 컨테이너 환경에서의 개발 및 운영
• CI/CD구축 등 운영, 빌드배포 자동화 역량
• AWS 서비스 활용(EC2, ECR, EKS/ECS, RDS, S3, elastiCache 등)"
"• Container 및 Kubernetes 기술 전반에 대한 이해가 있으신 분
• Kubernetes를 사용한 서비스 운영 경험이 있으신 분
• AWS를 활용하여 애플리케이션 개발, 배포, 운영한 경험이 있으신 분
• Java(Kotlin), Spring Boot 기반의 백엔드 개발 및 운영 경험이 있으신 분
• 다양한 팀과 협업할 수 있는 커뮤니케이션 스킬과 문서 정리 능력을 갖추신 분
• 주도적으로 다양한 문제점을 인지하고 해결책을 제시하는 분","[합류 후 이런 업무를 해요]
• VD 솔루션을 안정적으로 운영하기 위해 레거시 인프라를 개선하고 모니터링합니다.
• 새로운 조직과 협업하여 프로젝트를 진행하는 경우 AWS 인프라를 처음부터 직접 설계합니다.
• 복잡한 클라우드 인프라를 안정적이고 효율적으로 관리하기 위해 콘솔 대신 Pulumi, Helm, ArgoCD 등을 사용하여 작업합니다.
• Datadog의 APM, 로그 등 여러 기능을 활용하여 서비스의 문제를 파악하고 개선합니다.

• [기술 스택 & 툴]
• AWS, Kubernetes(EKS), Docker, Linux
• GitHub, BitBucket, GitHub Actions, Datadog
• Helm, ArgoCD, Pulumi, Terraform, Terragrunt","• Java, TypeScript 중 하나 이상의 프로그래밍 언어에 능숙하신 분
• 실무에서 IaC(Infrastructure-as-a-Code) 도구를 사용해 보신 분
• 프로덕션 인프라 환경에서 전체 흐름을 이해하고, 주도적으로 개선해 본 경험이 있으신 분"
"• 백엔드 개발에서 3년 이상의 경험이 있거나 그에 준하는 실력을 갖춘 분
• Node.js와 JavaScript 또는 TypeScript 에 대한 높은 이해를 갖춘 분
• AWS에서 아키텍처 설계에 경험이 많은 분
• MySQL 쿼리 최적화 경험이 있는 분
• 배움에 대한 열정을 갖고, 지속적이고 효과적으로 피드백을 주고 받는 팀 성장을 추구 하는 분
• 맡은 작업에 대한 오너십을 갖고, 이를 완성시키는 일에 열정이 있는 분","• 클라썸 웹, 앱을 위한 백엔드 서버 개발","• RAG(Retrieval Augmented Generation)을 활용한 채팅 에이전트 개발 경험이 있으신 분
• 다양한 LLM을 활요한 feature 개발을 경험하신 분"
"• GitHub 또는 포트폴리오 제출
• 2년 이상의 개발 경력 혹은 그에 준하는 역량을 보유하신 분
• Java/Kotlin 및 Spring 기반 백엔드 개발 경험이 있는 분
• TypeScript 및 React 기반 프론트엔드 개발 경험이 있는 분
• 지속적인 학습과 피드백을 즐기며 성장 지향적인 분
• 다양한 직군과 협업하며 문제를 정의하고 해결 방안을 도출할 수 있는 협업 능력을 갖추신 분","• 자사 브랜드(스탠드오일) 홈페이지 유지 보수 및 신규 기능 개발을 통해 사용자 친화적인 구매 경험을 구축합니다.
• 무신사, 29CM, 쇼피파이 등 외부 판매 채널의 데이터를 수집 및 중앙화하여 구성원들의 반복적인 업무를 자동화합니다.
• 데이터 기반의 의사결정과 인사이트 도출을 위해 ETL 파이프라인을 설계하고 구축합니다.
• AWS 기반 서버 인프라를 운영 및 자동화하여 안정적이고 효율적인 개발 환경을 구축합니다.","• 반복적인 수작업, 비효율적인 프로세스를 자동화하거나 플랫폼화하는 데 관심이 있는 분
• AI 및 데이터를 활용한 수요 예측 및 생산 관리 최적화에 관심이 있는 분
• AWS, GCP와 같은 클라우드 환경의 설계 및 운영 경험이 있는 분
• Airflow, BigQuery 등을 활용하여 데이터 인프라를 구축한 경험이 있는 분"
"백엔드 개발자 1명 (졸업 또는 졸업 예정이신 분 우대)
• ＞ 단순 엔지니어가 아닌 서비스를 통한 문제의 해결을 팀원들과 함께 problem solver로써 이야기 할 수 있는 분
• ＞ ‘How to’ 보다 ‘Why’를 항상 생각하시는 분
• ＞ 개인 및 팀의 성장을 위해 학습을 끊임없이 진행하시는 분
• ＞ 주요 백엔드 팀원으로써 1개 이상의 프로젝트를 진행한 경험 혹은 실무 경력
• ＞ Restful API 개발 경험
• ＞ 서비스의 성능 개선 및 코드 품질 향상 능력
• ＞ 다른 직무의 인원과 원활한 의사소통 능력

기술 스택
• 언어 및 프레임워크: Python, FastAPI
• DB: MySQL, AWS Redis
• Deployment: Docker, Nginx","• 안티에이징 미용의료 플랫폼 ‘글로우백’ 서비스 백엔드 개발 및 유지보수
• 서비스 고도화 및 기획
• 서버 분리 및 서버&클라우드 최적화
• 서비스 내부 LLM 모델 프롬프팅","• ＞ LLM model prompting 및 open ai 모델 연동 경험이 있으신 분
• ＞ 클린 아키텍쳐에 대한 이해도가 있고 클린 코드를 작성할 줄 아시는 분
• ＞ CICD 파이프라인 구축 경험
• ＞ 인증 인가 설계부터 구현했던 경험
• ＞ AWS 클라우드 환경에 대해 이해도가 높으신 분
• ＞ Docker 컨테이너 환경 구축에 대한 이해와 경험을 갖고 계신 분
• ＞ 서버 보안에 관심이 많으신 분"
"[ 이런 역량을 가진 분을 찾고 있어요! ] 
• 백엔드 개발 분야에서 7년 이상의 실무 경험을 보유한 분
• Java/Kotlin 및 Spring framework 기반 서버 개발 및 경험이 있는 분
• Kafka 및 Elasticsearch를 활용한 대규모 데이터 시스템 구축 및 운영 경험이 있는 분
• Node.js, PHP 기반 서비스의 운영 또는 개발 경험 이 있으며, 다양한 언어·프레임워크 환경을 이해하고 설계할 수 있는 분
• AWS(Auto Scaling, ECS/EKS, RDS, S3 등) 기반 대규모 트래픽 인프라 설계·운영 경험이 있는 분
• 코드 리뷰, 테스트 주도 개발(TDD), CI/CD 파이프라인 경험이 있는 분
• 백엔드 팀을 리딩하거나, 소규모 팀을 이끌어본 리더십 경험이 있는 분","[ 어떤 업무를 담당하나요? ]
• 스퀘어스의 신규 CRM 시스템의 아키텍처 설계 및 백엔드 개발을 주도합니다.
• 대규모 사용자 트래픽을 고려한 AWS 기반 클라우드 인프라를 설계하고 운영합니다.
• 로그 수집, 모니터링, 분석 시스템을 구축합니다.
• 스마트로그 스쿼드를 리딩하며, 코드 품질, 개발 프로세스, 기술 방향성을 설정합니다.


[ 이런 것들을 경험하며 얻으실 수 있을거에요! ]
• 스퀘어스의 핵심 CRM 시스템과 대규모 백엔드 인프라를 제로부터 설계하고 구축하는 경험을 할 수 있습니다.
• 수십만 이상의 사용자를 대응하는 SaaS 플랫폼 아키텍처를 리딩할 수 있습니다.
• 데이터 스트림 기반 아키텍처(Kafka)와 실시간 로깅 시스템(ELK)을 직접 설계·운영하는 실전 경험을 쌓을 수 있습니다.
• 초기 시스템 구축부터 팀 빌딩, 프로세스 정립까지 백엔드 리더로서 커리어 전환점을 만들 수 있습니다.
• 스타트업의 빠른 실행 속도 안에서, 기술적 실험과 시스템 최적화를 반복하며 성장할 수 있습니다.","[ 이런 경험이 있으면 더 좋습니다. ]
• CRM, 데이터 파이프라인, 로그 분석 시스템 등 대규모 데이터 처리 서비스 구축 경험이 있는 분
• Kafka Streams, ksqlDB 등 고급 Kafka 활용 경험이 있는 분
• ELK 외에도 zabbix, Grafana를 활용한 모니터링 시스템 구축 경험이 있는 분
• 보안 인증, 권한 관리, 데이터 개인정보 보호 등 보안 설계 경험이 있는 분


[ 우리는 이런 분과 함께하고 싶습니다. ]
우리는 소프트웨어 개발에서 '기본을 지키되, 유연하게 바라보는 힘' 을 믿습니다.
기술은 빠르게 변화하고, 새로운 트렌드와 스택은 매일 등장하지만, 그 중심에는 변하지 않는 핵심이 있습니다.
변화하는 기술을 빠르게 이해하고, 제품과 사용자의 문제를 함께 고민할 수 있는 태도입니다.
우리는 단순히 기술 트렌드를 따라가는 것이 아니라, 제품의 가치와 사용자의 경험을 깊이 이해하며, 기술을 선택하고 적용할 줄 아는 개발자를 찾고 있습니다.

• 경력의 길이보다, 상황에 맞는 문제 정의와 해결 능력을 중요하게 생각합니다.
• 특정 스택이나 유행에 갇히기보다, 새로운 기술을 유연하게 받아들이고 적용하는 자세를 존중합니다.
• 제품과 사용자를 함께 바라보며, 기술이 어떤 가치를 줄 수 있는지를 고민하는 분과 함께 일하고 싶습니다.

기술은 계속 바뀌지만, 유연한 사고와 기본을 지키는 엔지니어링 문화는 변하지 않습니다.
우리가 설계하는 시스템이, 내일의 제품과 비즈니스 성장을 이끌어갑니다.
함께 실질적인 변화를 만들어갈 동료를 기다립니다."
"• JVM 기반 언어(예: Java/Kotlin)를 활용한 백엔드 서버 개발 경력 5년 이상을 보유하신 분을 찾아요. 
• Java8 이상/Kotlin/Spring 및 Spring boot/JPA/Junit 등 주요 언어 및 웹개발 프레임워크 활용 능력 및 경험을 보유하신 분을 원해요.
 • REST API 및 RDBMS 기반의 웹애플리케이션 설계/개발/운영 경험을 보유하신 분을 원해요.
 • OOP와 Functional Programming 기반의 소프트웨어 디자인/개발 능력이 있으신 분을 원해요.
 • 사업/PM/디자인/마케팅/QA 등 다양한 직군과의 협업 능력이 원활하신 분을 원해요.
 • 논리적이고 체계적인 문제해결 능력 및 커뮤니케이션 능력이 있으신 분을 원해요.
 • 금융·트레이딩 도메인, 특히 WTS/MTS 서비스의 기술적 요구사항에 대한 깊은 이해와 관심이 있는 분을 원해요.
 • 논리적이고 체계적인 문제해결 능력 및 커뮤니케이션 능력이 있으신 분을 원해요.
 • 증권업의 새로운 기술적 변화와 혁신을 초기단계부터 함께 이끌어나가고 싶으신 분을 원해요.","• 카카오페이증권의 서비스 공통 플랫폼의 고가용성 및 확장성을 고려한 아키텍처를 설계하고 개발해요.
 • ​API Gateway, 인증, 메시지, 그로스 플랫폼의 백엔드 시스템 개발 및 운영을 담당해요
 • 서비스 성능 및 안정성 개선, 기술 부채 관리 및 아키텍처 리팩토링을 통해 전사 공통 플랫폼을 지속적으로 고도화해요.
 • 대량의 트래픽을 안정적으로 처리할 수 있는 확장성과 탄탄함을 갖춘 시스템을 개발해요.","• Micro Service Architecture를 이해하고 있고 서비스 설계 및 운영 경험을 보유하신 분이면 좋아요.
 • Redis, Kafka 등을 활용한 개발/운영 경험이 있으신 분이면 좋아요.
 • k8s, AWS 등의 인프라 환경에서 개발/운영 경험이 있으신 분이면 좋아요.
 • 대용량 트래픽 처리 시스템 개발/운영 경험이 있으신 분이면 좋아요.
 • 알고리즘(올림피아드, ACM/ICPC, 기타대회) 경력자이시면 좋아요.
 • 금융/핀테크업에서 기술혁신을 주도한 경험이 있으신 분이면 좋아요."
"• 5년 이상의 백엔드 개발 경력 또는 그에 준하는 시스템 전체 흐름 이해 및 설계 역량
• 실제 제품을 기획/개발/운영까지 주도적으로 참여한 경험이 있는 분
• 장애를 경험하고 문제를 해결해 보신 경험이 있는 분
• 기획/디자인/프론트와 협업하여 문제를 정의하고 합리적인 인터페이스를 설계해 본 경험이 있으신 분


[Blaybus가 사용하는 기술]
• 코어: NodeJS, TypeScript, NestJS
• ORM: TypeORM
• 데이터베이스: MySQL
• 인프라: AWS","• 단순한 개발을 넘어 ‘비즈니스 임팩트’를 고려하여 도메인을 정의하고 구조화합니다.
• 도메인 복잡도가 높은 기능의 시스템 아키텍처 및 DB 설계, 성능 최적화 및 구조 리팩토링을 주도합니다.
• 사용자 피드백을 반영하여 정량적/정성적 개선 지표 기반으로 기능을 개선합니다.
• 기업 고객을 위한 On-Premise 환경의 배포 및 설정 자동화를 관리합니다
• 프론트엔드 및 기획자와의 기획 협업, API 명세, 인터페이스 설계를 주도합니다.
• 장애 대응 및 배포 자동화, 운영 안정성 확보를 위한 기술 고도화를 주도합니다.","• Node.js, NestJS 기반 서비스에서 아키텍처 레벨의 리팩토링 또는 설계 경험
• 고가용성/확장성 시스템 설계 및 운영 경험
• Kubernetes, Docker 등을 사용하여 개발해 본 경험이 있으신 분
• Terraform을 통한 IaC(Infrastructure as Code) 구성 경험
• 웹 보안에 대한 기본 지식 또는 대응 경험
• 장애가능성을 사전에 예측하고, 시스템 전반의 안정성과 복구성을 주도적으로 개선하는 것에 열정 있는 분"
"• 학력 : 학력무관
• 경력 : 경력5년
• Java, Kotlin 언어를 활용한 Spring framework 또는 전자정부프레임워크 기반 웹 서버 개발 역량을 보유하신 분
• JSP, React, Nextjs 등을 이용한 Frontend 개발 역량을 보유하신 분
• ORM(JPA, Hibernate) 기반 개발 역량을 보유하신 분
• 3년 이상의 SI사업 및 서비스/플랫폼 개발과 설계 경험이 있는 분
• 좋은 코드와 설계를 위한 고민을 꾸준히 하시는 분
• 사용자 경험을 고려한 개발을 중요하게 생각하는 분
• 원활한 커뮤니케이션과 협업 능력을 갖추고, 팀워크를 중시하는 분
• 새로운 기술과 트렌드에 대한 호기심이 많고, 배우는 것을 즐기는 분
• 사용자 경험을 고려한 개발을 중요하게 생각하는 분","• 자사 서비스운영 및 유지보수
• 신규 서비스 개발 및 운영
• Kotlin, Java / Spring 기반 Backend 개발
• React, NextJS 및 JSP 기반 Frontend 개발
• RESTful API 설계 및 개발
• 도메인 모델 설계 및 아키텍쳐 설계
• DB 설계 및 관리
• 비즈니스 요구사항 분석, 평가하여 적합한 솔루션 제안 및 결정","• 테스트 코드를 적극적으로 작성하시는 분
• iOS, Android Native 또는 크로스플랫폼을 통해 앱 개발 경험이 있으신 분
• Docker를 통한 컨테이너 구성에 대한 경험 및 지식이 있으신 분
• Gitflow 방식을 통한 형상관리 경험이 있으신 분
• CI/CD 파이프라인 구축 및 자동화 경험"
"• Java 기반의 객체지향 설계 및 개발 능력이 있으신 분
• 서비스 중심 아키텍처 및 웹 서비스 개발 경험이 있으신 분
• RDBMS를 포함한 데이터 모델링과 성능 개선 경험이 있으신 분
• 기술에 대한 토론과 공유에 대한 적극적인 자세를 가진 분
• 유관부서와 원활한 커뮤니케이션이 가능하신 분","• 백오피스를 개발, 운영하여 업무의 효율성을 높이고 체계화합니다.
 - 두나무 전사의 재무, 인사, 총무, 채용, 평가, 급여 등을 관리하는 사이트를 개발합니다.
 - 두나무 홈페이지를 비롯하여 서비스와 운영에 필요한 사이트와 기능을 지원하고 있습니다.
 - 두나무 홈페이지, UDC 사이트, 투자자보호센터, 두니버스, 업비트 서포터즈의 개발 및 운영을 하고 있습니다.

• 기술스택 및 Tools
 - AWS 서비스
 - Kotlin, JAVA, Spring Boot, Gradle, Kafka
 - JPA, MyBatis, MySQL, Redis
 - Docker, Kubernetes, Github Actions, Argo CD, Harbor
 - Datadog, Sentry, Grafana

• 함께 성장하는 문화를 만들고 있습니다.
 - 질 좋은 코드를 고민하고 토론합니다.
 - 매일 스크럼 회의를 통해 개발 이슈사항이나 진행상황을 공유합니다.
 - 스프린트 단위로 업무를 관리합니다.
 - 팀 내 스터디를 진행하고 있습니다.
 - 매달 테크 세미나를 통해 새로운 기술 및 트러블슈팅을 공유합니다.","• 테스트코드의 필요성을 이해하고 테스트 코드 작성 경험이 있으신 분
• 팀원들과 지식과 경험을 공유하며 함께 성장할 수 있는 분
• 능동적으로 일을 찾아서 하며 적극적으로 본인의 의견을 표현할 수 있는 분
• 적절한 프로그래밍 패러다임을 선택해 코드를 작성할 수 있으신 분
• AWS 등 클라우드 시스템 내에서의 개발 및 운영 경험이 있는 분
• 그룹웨어/백오피스 개발 및 유지보수 경험이 있는 분"
"• 5년 이상 9년 이하의 소프트웨어 개발자 경력
• Junior 팀원들에게 본인의 경험과 지식을 공유하여야 합니다.
• Java / Vuejs / HTML / Javascript / Jquery/ Python / PostgreSQL / MSSQL / Oracle등 DB 기반 기술에 대한 이해와 경험
• 각종 legacy 시스템과의 연동. 웹서비스, API 설계 및 개발","- Python(Django), Java(Spring Boot) 웹 애플리케이션을 구축/운영하게 됩니다
- 신규 시스템, 기능 설계, 연동 기능 설계, API 설계 등 시스템 전반 적인 설계 업무 및 주요 핵심기능 개발을 담당합니다.
- PL 급으로서, 프로젝트 진행 시 개발팀의 특정 파트를 리드합니다.
- 주요 인프라 / System Architecture 설계 및 구성에 참여합니다.","- Refactoring 경험, ORM, DB 모델링, 설계 능력
- 팀 운영 프로세스 설계 및 동료들 간의 원활한 커뮤니케이션 능력
- Docker 기반 컨테이너 인프라 경험 우대"
"• 5년 이상 7년 이하의 백엔드 개발 경력 또는 그에 준하는 역량을 가지고 계신 분
• 고객 경험 향상에 관심이 많고, 고객과 비즈니스를 우선적으로 고려해 개발할 수 있는 분
• 복잡한 문제를 단순화하여 해결할 수 있는 역량을 갖추신 분
• 주도적으로 문제를 발견하고, 빠른 실행력으로 해결할 수 있는 분
• RESTful API 설계 및 구현이 가능한 분
• 대용량 분산 처리 시스템 개발 운영 경험이 있으신 분
• 관계형 데이터베이스를 다뤄보신 분","• 고위드의 카드 발급, 지출 관리, 구독 서비스 등 다양한 백엔드 서비스를 개발 및 운영합니다.
• 고객의 문제에 집중하여 문제 해결을 위한 웹 서비스 개발을 담당합니다.
• 고위드의 사업과 긴밀하게 연결된 제품이 안정적으로 운영될 수 있도록 백엔드 개발과 운영에 참여합니다.
• 사업조직, PM, 디자이너와 함께 긴밀하게 소통하며 사업적, 제품적 우선순위에 맞는 제품을 함께 기획하고 개발합니다.
• 안정적이고 효율적인 데이터 처리를 위한 금융 플랫폼을 설계 및 구축합니다.

[고위드 테크팀 기술 스택]
• Spring Boot (Spring Data JPA)
• Javascript(Typescript), React, Redux, React-Query
• k8s, Docker, QueryDSL, MySQL, Kafka, Redis, Netty
• Google Cloud","• 컴퓨터 공학 또는 관련 분야의 학사 학위 이상인 분
• 비즈니스, 프로덕트, 개발자 등 이해관계자들과 합리적이고 유연한 커뮤니케이션이 가능한 분
• Kubernetes, Docker 등을 사용하여 개발해 본 경험이 있으신 분
• MSA, DDD 등의 개발 방법에 대해 이해하고 있으신 분
• 업무 자동화를 통해 팀의 생산성을 향상시킨 경험이 있으신 분"
"• 웹 기술 전반에 대한 이해
• 3년 이상의 실무 협업 경험 필요
• RDBMS (PostgreSQL) 숙련
• Node (JavaScript, TypeScript) 숙련
• AWS 사용 경험
• 협업도구 (Jira, Confluence, Slack) 사용 경험
• 능숙한 커뮤니케이션 및 문서 작성","• 한의원 전용 환자관리 시스템(린다이어트 차트/앱) 개발 운영
   - 린다이어트 차트와 앱의 운영을 책임지고, 진료 흐름에 맞춘 새로운 기능을 개발합니다.
   - 서버, DB, API를 안정적으로 운영하며 진료 환경을 뒷받침합니다.
   - 의료진 및 환자 관리를 돕는 CRM 스케줄러를 운영하고 개선합니다.
   - 서비스가 안정적이고 확장 가능하며, 성능과 보안, 법적 기준을 충족하도록 시스템 구조를 고도화합니다.
• 서비스 운영 및 관리
   - 가맹 한의원과 환자 정보를 안정적으로 관리할 수 있는 내부 웹 백오피스를 개발합니다.
   - 린다이어트 팀이 효율적으로 일할 수 있도록, 비즈니스/엔지니어링 지표를 수집 및 분석합니다.
   - 데이터 기반 운영을 위해 정합성을 점검하고 보정합니다.
   - 고객 피드백과 장애 이슈에 신속히 대응합니다.","[우대사항]
아래 항목에 대한 이해 혹은 활용 경험이 있는 분
• 서버리스 개발 경험 (AWS Lambda, DynamoDB)
• 다양한 DB 사용능력 (DynamoDB, Redis)
• 데이터 처리 파이프라인 설계 및 구현
• 이벤트/스트리밍 데이터 처리 (AWS SQS, EventBridge)

[적응을 잘하신 분들의 공통점]
• 문제 해결을 목적으로 한 대화 방식
• 적극적이고 긍정적인 태도
• ‘효율적인 일하기 방식’에 대한 높은 관심
• 복잡한 문제를 단순하게 풀어낼 때 뿌듯함을 느끼시는 분
• 투명한 커뮤니케이션 지향
• 고객 VoC 에 민감하게 반응"
"• 해당 분야 석사(신입) 또는 관련 분야 경력 2년 이상
• 성실하고, 다양한 이해관계자와 원활한 협업 & 커뮤니케이션이 가능하신 분
• 알고리즘 설계 및 최적화에 대한 이해  
• 데이터 구조 및 경로 탐색 알고리즘에 대한 이해  
• JAVA 또는 유사한 객체지향 언어에 능숙한 개발 역량
• 전문연구요원(병역특례) 지원 가능","• 멀티 로봇 경로 계획(Multi-Agent Path Finding, MAPF) 알고리즘 설계 및 구현
• MAPF 알고리즘의 성능 개선 및 최적화 
• 다수 로봇의 경로 충돌 방지 및 효율적인 경로 배정을 위한 관제(Traffic Control) 로직 업그레이드 개발","• 로봇, AI 관련 업무 유경험자
• Multi-Agent Path Finding(MAPF) 알고리즘에 대한 연구 또는 실무 개발 경험  
• 대규모 멀티 로봇 시스템 또는 물류 자동화 시스템에 대한 이해"
"• 최소 3년 이상의 백엔드 개발 경력
• Spring Boot 기반의 서비스 개발 환경에 익숙하신 분
• 다양한 외부 연계 프로토콜에 대해서 설계/개발이 가능하신 분
• AWS 서비스를 활용한 상용 서비스 구축 및 운영 경험이 있으신 분
• 원활한 커뮤니케이션이 가능하신 분","• 로봇 관제 플랫폼(CROMS) 백엔드 개발 담당 (Java, Spring 기반)
• 로봇 관제 플랫폼 내에 실시간 모니터링 및 제어, 이력 관리 기능 개발
• 로봇 관제 플랫폼 내/외부 연계 인터페이스 개발
• 로봇 관제 플랫폼 관련 프로젝트 업무 수행","• AWS 기반 IOT 연계 서비스 구축 경험자
• B2B (대고객) 프로젝트 수행 경험자
• 로봇 서비스 관련 프로젝트 수행 및 업무 경험이 있으신 분"
"• 학력 : 소프트웨어 개발관련 전공 4년제 학사 이상 (컴퓨터 공학, 정보 통신, 전기전자 등)
• C 언어 기반 소프트웨어 개발 경험
• 경력 : 신입~경력4년","• 리눅스 클라이언트 소프트웨어 개발
• 네트워크 품질 측정모듈 개발
• 성능 및 안정성을 고려한 시스템 레벨 S/W 구현","• C 코드 컴파일 및 디버깅 역량 보유
• 리눅스 운영체제에 대한 이해 및 기반 개발 경험
• 구조적이고 안정적인 코드 작성에 대한 이해도
• 멀티스레딩, 네트워크 프로그래밍 등 시스템 소프트웨어 개발 경험"
"• 최소 3년 이상의 Typescript(React) 기반 프론트엔드 및 Java(Spring Boot) 기반 백엔드 실무 경험을 가진 분
• JavaScript, HTML, CSS 등 웹 표준 기술에 대한 깊은 이해도가 있는 분
• RESTful API 설계 및 개발 경험이 있는 분
• 고객 경험과 비즈니스를 우선순위에 두고 개발할 수 있는 분
• 비즈니스와 사용자의 요구를 이해하고, 기술적으로 문제를 단순화해 해결할 수 있는 분
• 협업과 커뮤니케이션에 능동적인 태도가 있는 분","• 고위드의 카드 발급, 지출 관리, FUEL 서비스, 구독 서비스 등 다양한 서비스를 개발 및 운영합니다.
• 프론트엔드와 백엔드 전반을 아우르며, 안정적이고 효율적인 데이터 처리를 위한 금융 플랫폼을 설계하고 구현합니다.
• 고위드의 사업과 긴밀하게 연결된 제품이 안정적으로 운영될 수 있도록 풀스택 개발과 운영에 참여합니다.
• 사업조직, PM, 디자이너와 함께 긴밀하게 소통하며 사업적, 제품적 우선순위에 맞는 제품을 함께 기획하고 개발합니다.

[고위드 테크팀 기술 스택]
• Spring Boot (Spring Data JPA)
• k8s, Docker, QueryDSL, MySQL, Kafka, Redis, Netty
• Google Cloud","• B2B SaaS 또는 핀테크 서비스에 대한 이해 또는 개발 경험이 있는 분
• QueryDSL, Redis, Kafka, Kubernetes 등 실무 경험이 있는 분
• 도메인 중심 설계(DDD), MSA, 테스트 코드 작성 등에 익숙하신 분
• AI 도구를 활용하여 개발 생산성을 향상 및 자동화를 구축한 경험이 있는 분
• 조직의 방향성과 고객 경험을 모두 고민하여 기획과 설계를 해본 분"
"[이런 분을 원해요]
• 새로운걸 배우고 습득하는데 장벽이 없으신 분
• 많은 도전과 경험을 통해 더 크게 성장하고 싶으신 분
• 문제 앞에서 유연하게 사고하며 해결책을 찾는 걸 즐기는 분
• 맡은 일을 어떻게든 해결해 내고자 하는 강한 책임감을 가지신 분
• 명확한 의사소통과 상호 존중하는 자세로 동료들과 적극적으로 협업하실 수 있는 분

[필수 역량] 
• ASP.NET Core나 Spring Boot를 사용한 웹 백엔드 프레임워크 개발 경력이 있으신 분(3년 이상)
• 백엔드 HTTP API에 대한 설계 및 개발 역량을 갖추신 분
• 정적 타입 언어의 객체지향 프로그래밍에 대한 이해가 있으신 분
• MySQL등 RDB 기반의 SQL에 능숙하신 분
• 해외출장에 결격사유가 없는 분","[담당업무]
• 전반적인 리치고 서비스의 백엔드 서버(ASP.NET Core) 개발 및 운영
• 신규 부동산 기능 설계 및 구현 (LLM 기반 분석, 중개/경매 추가 컨텐츠 등)
• 고객을 대상으로 한 마케팅 알림 서비스 / 광고 시스템 운영

[추가로 경험해볼 수 있는 것]
• 데이터노우즈에 방대하게 쌓여있는 데이터를 사용한 부동산 시장 분석 경험
• 대용량 데이터의 최적화나 성능향상을 다루는 데이터 엔지니어링 경험
• 백엔드를 넘어서 프론트엔드, 웹과 앱을 넘나드는 다양한 개발 도메인 경험
• AWS와 K8S, Docker를 포함한 인프라 운영 경험","• Notification 서비스 운영 경험이 있으신 분
• 컨텐츠 생성 자동화 경험이 있으신 분
• HTML, CSS, Javascript, Typescript 와 같은 프론트엔드의 이해와 경험이 있으신 분
• React, NextJS 등 프론트엔드 프레임워크 개발경험이 있으신 분
• ReactNative나 Expo를 사용한 네이티브 앱 개발경험이 있으신분
• Python과 Pandas를 사용한 데이터 엔지니어링 경험이 있으신 분
• AWS 클라우드 환경에서의 개발경험이 있으신 분"
"• HTTP 프로토콜에 대한 깊은 이해: HTTP의 동작 원리, 요청/응답 헤더, 상태 코드 등에 대한 전반적인 이해가 있으신 분
• RESTful API 설계 및 개발 경험: RESTful 원칙에 따라 API를 설계하고 구현한 경험이 있으신 분
• JSON, XML 등 데이터 포맷 처리 능력: 다양한 데이터 포맷을 활용하여 서버와 클라이언트 간의 데이터 교환이 가능하신 분
• API 인증 및 보안: OAuth, JWT 등 인증 방식에 대한 이해와 보안 요소를 고려한 API 개발 경험
• API 문서화 및 테스트 도구 활용: Swagger(OpenAPI), Postman 등 도구를 사용하여 API를 문서화하고 테스트한 경험
• 에러 처리 및 디버깅 능력: HTTP 통신 과정에서 발생하는 에러를 분석하고 해결할 수 있는 능력","• Workflow및 외부서비스와의 연결
• AI System과의 연동 
• 물류관리 자동 처리시스템 제작
• Postgresql을 사용한  REST API 제작
• 현재 주 백엔드 언어는 Go이며 부분적으로 Python 또는 Typescript 사용","• 클라우드 환경에서의 개발 경험: AWS, Azure, GCP 등에서 API를 개발하고 배포한 경험
• 마이크로서비스 아키텍처 이해: 대규모 시스템에서의 API 설계 및 관리 경험
• 고성능 및 확장성 있는 API 개발 경험: 트래픽이 많은 환경에서의 최적화 경험
• Golang 경험이 필수는 아니나 우대함
• Library 및 Core algorithm 제작경험 우대"
"• Linux 환경: Linux 기반의 서비스 개발 및 운영 경험을 보유하신 분
• Docker 활용: Docker 기반 서비스 개발 및 운영 경험이 있으신 분 (Docker Compose, Docker Swarm 등)
• 스크립팅 능력: Python, Bash 스크립트 작성 및 활용 능력이 있으신 분
• IT 인프라 장애 해결: IT 인프라 장애 상황에 대한 분석 및 해결 능력이 있으신 분
• 네트워크 및 보안 이해: 네트워크 구조 및 보안에 대한 깊은 이해도가 있으신 분
• 뛰어난 문서 작성: 명확하고 효과적인 기술 문서 작성 능력이 있으신분","• AI 서비스 구축 및 운영: 금융기관 환경에 최적화된 AI 서비스의 오케스트레이션, 네트워크 설정 및 시스템 구축을 담당합니다.
• 현장 기술 지원: 금융기관을 직접 방문하여 제품 설치 및 정기적인 유지보수 업무를 수행합니다.
• 성능 분석 및 보고: 분석 스크립트를 활용하여 초도 설치 시 성능 검증 및 정기적인 퍼포먼스 보고서를 작성합니다.
• 고객 피드백 반영: 금융기관의 다양한 피드백을 수집하고, 관련 부서와의 긴밀한 협업을 통해 제품 개선에 적극적으로 기여합니다.
• 기술 문서화: 서비스 운영 및 유지보수에 필요한 기술 문서를 작성하고 관리합니다.
• 장애 및 서비스 지원: 발생 가능한 장애에 대한 신속한 진단 및 해결을 통해 안정적인 서비스 운영을 지원합니다.","• 주도적인 문제 해결: 스스로 목표를 설정하고 주도적으로 업무를 추진하는 Self-starter 성향을 갖추신 분
• 논리적 사고: 문제 해결에 대한 탁월한 논리적 사고 능력을 보유하신 분
• 네트워크 실무 경험: 라우팅 테이블, traceroute, Docker network, 방화벽 등 네트워크 관련 실제 업무 경험
• 금융 IT 경험: 금융 산업 관련 IT 업무 경험이 있으신 분
• 원활한 소통: 고객사 담당자와 원활하게 소통하고 협력할 수 있는 커뮤니케이션 능력"
"• 초대졸 이상 혹은 졸업예정자
• 해외여행(출장)에 결격사유가 없으신 분
• 관련 학과 졸업 혹은 관련 교육 과정 6개월 이상 이수자
• 프로그램 개발에 관심이 많으신 분","[주요업무]
• 웹 어플리케이션 개발 및 유지보수

[개발 환경]
• 프론트엔드: Jquery, Kendo UI Component 기반의 MVVM 패턴 개발. Ajax사용
• 백엔드: Microsoft ASP.NET MVC 5
• 데이터베이스: Microsoft SQL Server
• 서버: Microsoft Azure 기반의 Windows Server Platform
• 형상관리: GitHub
• 협업 관리 툴: Axosoft + SmartSheet + Google Workspace
• 개발 문화: 사내 코딩 가이드 룰에 따른 코딩 패턴 준수하고 100% 코드 리뷰 진행",• ASP.NET MVC 유경험자
"• 초대졸이상 졸업자
• 해외여행(출장)에 결격사유가 없으신 분
• 동일 직무에 대해 2~7년 이하의 경력이 있으신 분 
• 연봉은 동일 직무 경력으로 협의
• 1년 이상 ASP.NET MVC를 사용해 보신 분
• T-SQL 작성이 가능하신 분","[주요업무]
• 웹 어플리케이션 개발 및 유지보수

[개발 환경]
• 프론트엔드: Jquery, Kendo UI Component 기반의 MVVM 패턴 개발. Ajax사용
• 백엔드: Microsoft ASP.NET MVC 5
• 데이터베이스: Microsoft SQL Server
• 서버: Microsoft Azure 기반의 Windows Server Platform
• 형상관리: GitHub
• 협업 관리 툴: Axosoft + SmartSheet + Google Workspace
• 개발 문화: 사내 코딩 가이드 룰에 따른 코딩 패턴 준수하고 100% 코드 리뷰 진행","• Kendo UI 유경험자
• Microsoft Azure 유경험자"
"• 10년 이상 AWS Cloud 기반 인프라 구성 및 운영 경험
• DevOps, SRE 경험 2년 이상
• Kubernetes 구축 및 운영 경험 필수 (MSA 기반 인프라 운영 경험)
• Linux 및 네트워크에 대한 깊은 이해
• CI/CD 파이프라인 작성 및 운영 경험
• 스프링부트 & Next.js 어플리케이션 장애 포인트 체크/검증 및 개선 유경험자
• 서비스 안정성 확보를 위한 Observability 환경 경험 보유
• 대용량 트래픽 및 장애 대응 및 트러블슈팅 경험","• Kubernetes(k8s) 환경에서 서비스 운영 및 신규 구축
• 실시간 인프라/서비스 모니터링 및 장애 대응
• 로그 수집 및 운영을 통한 시스템 최적화
• ISMS-P 대응 및 보안 준수 활동
• Jenkins, GitHub Actions, EKS, ECS, MKS(Kafka) 등 클라우드 인프라의 효율적 운영","• Infrastructure as Code를 활용한 운영 경험 (예: Terraform, Ansible)
• 비용 절감과 효율성을 고민하며 시스템 최적화하는 능력
• RDBMS(Aurora, MySQL) 및 NoSQL 운영 경험"
"• 백엔드 개발 경력 7년 이상 또는 그에 상응하는 역량을 갖춘 분
• Spring Boot(Kotlin/Java)를 이용한 웹 애플리케이션 개발 경험이 있는 분
• RESTful API에 대한 이해와 지식, 경험이 있는 분
• 원활한 커뮤니케이션 능력과 능동적인 협업 자세를 가진 분
• Git 등의 분산 버전 관리 시스템(DVCS) 사용에 익숙한 분","• 코인원 서비스(WEB, APP, OPEN-API)를 위한 백엔드 개발","• 마이크로 서비스 아키텍처를 설계하고 운영한 경험이 있는 분
• 대규모의 실시간 트래픽을 처리하는 시스템 개발 경험이 있는 분
• TDD에 대한 이해와 경험이 있는 분
• Amazon Web Services, Google Cloud Platform 등 클라우드 기능 사용 경험이 있는 분
• Docker, Kubernetes 기반 배포 경험이 있는 분
• 가상자산에 대한 관심, 지식, 거래 경험이 있거나, 유관 업종에 종사한 경험이 있는 분"
"• 실무 경력 3년 이상
• Python, Flask에 대한 이해 및 경험.
• 원활한 커뮤니케이션 능력",• 윌라 자사 백엔드 API 개발,"• MySQL, Elasticsearch, Redis 사용 대한 경험
• FastAPI, gRPC 사용 경험 
• Github 및 형상관리 툴(소스트리 등)을 사용한 프로젝트 진행 경험


[전형 절차]
지원서 검토 ＞코딩 테스트 ＞ 실무 인터뷰 ＞ HR 인터뷰 ＞ 처우 협의 ＞ 최종 합류
• 서류 합격자에 한하여 개별 연락 드립니다.
• 인터뷰 전형부터는 합격 여부에 관계없이 모든 지원자 분들에게 메일을 드릴 예정입니다.
• 이력 및 경험에 따라 추가 과제, 인터뷰 등 일부 전형 과정이 추가 또는 생략될 수 있습니다.

[근무 환경]
• 채용 형태 : 정규직
• 근무 시간 : 9:00~18:00
• 급여
   - 개인 역량에 따라 협의를 거쳐 결정합니다.
   - 최종 인터뷰를 진행한 이후 관련 협의를 진행합니다.
• 근무 장소 : 서울 서초구 서초대로 398 Bnk 디지털타워 11층"
"[이런 분을 기다려요]
• 특정 기술 스택에 얽매이기보다, 문제의 본질을 파악하고 구조적으로 해결하는 것을 중요하게 생각하는 분
• 빠르게 변화하는 시장과 성장하는 조직 속에서 능동적으로 기회를 찾고 주도적으로 성과를 만들고 싶은 분
• 개발하는 서비스의 비즈니스 가치를 깊이 이해하고, 기술을 통해 실질적인 임팩트를 창출하는 데 기여하고 싶은 분
• 기존의 역할을 넘어, 백엔드 엔지니어로서 끊임없이 새로운 영역에 도전하며 성장하고 싶은 분","[함께 일하게 될 팀을 소개할게요! ‍‍‍]
세탁특공대의 엔지니어링 팀은 ‘세탁’이라는 일상의 문제를 기술로 해결하는 팀이에요.

세탁특공대는 단순한 세탁 서비스를 넘어, 세탁-수선-보관-헌 옷 정리까지 옷의 모든 생애주기를 책임지는 혁신적인 플랫폼으로 나아가고 있어요. 고객의 일상 속 익숙한 번거로움을 기술로 덜어드리고, 더 윤택한 삶이라는 가치를 실현하는 여정에 함께하고 있답니다. 

저희에게는 특정 언어나 프레임워크 경험보다 복잡한 문제를 정의하고 구조적으로 해결하는 역량이 더 중요해요.
다양한 기술적 배경, 경험을 가진 분들과 함께 시너지를 내고 성장하고 싶어요. 
문제의 본질에 집중하며 우리의 '의생활'을 바꾸는 의미 있는 도전에 함께하고 싶다면, 세탁특공대가 좋은 기회가 될 거예요. 

[이렇게 일해요]
• DevOps, QA 엔지니어와 역할이 명확히 분리되어 있어, 백엔드 엔지니어는 서비스 로직 개발에 더 집중할 수 있어요.
• 디자이너, PO, 운영팀 등 다양한 동료들과 수평적인 문화에서 자유롭게 소통하며 협업해요.
• 단순히 주어진 기획을 구현하는 것을 넘어, 함께 문제를 정의하고 최적의 해결책을 찾아가요.

[이런 일을 해요.]
• 수만 명의 고객과 수백 명의 오퍼레이터가 실시간으로 사용하는 물류 기반 온디맨드 시스템을 안정적으로 개발하고 운영해요.
• 세탁, 수선, 보관, 배송 등 다양한 서비스가 결합된 복잡한 주문의 처리 로직을 설계하고 구현해요.
• 공장, 물류, 고객, 배송 요원 간의 데이터 흐름을 효과적으로 연결하는 도메인 모델을 설계하고 발전시켜요.
• 반복적인 CS를 줄이기 위한 시스템 기반의 예외 감지 및 자동 보상 프로세스를 설계하고 구축해요.
• 미래의 서비스 확장을 염두에 두고, 유연하고 확장 가능한 모듈형 API 설계 및 아키텍처 개선을 주도해요.","[주요 기술 스택]
• 언어: TypeScript (NestJS), JavaScript (Express)
• 인프라: AWS, Docker, Kubernetes
• 버전관리/협업: GitLab
• 데이터베이스: MongoDB, MySQL, Aurora, Redis
• 모니터링/로그: ELK, Grafana, Prometheus, Sentry
• 메시지/이벤트: Kafka"
"• 소프트웨어 엔지니어로서 5년 이상의 경험이 필요해요.
• 3년 이상 지속적으로 하나의 제품이나 서비스를 운영해본 경험을 통해, 그 과정에서만 드러나는 복잡한 문제를 해결해 보신 분을 찾아요.
• 생각과 행동이 논리적인 분을 찾아요.
• 고등교육 수준 이상의 문해력은 필수에요.
• 급변하는 소프트웨어 엔지니어링 트렌드를 맞아, 저희와 함께 다양하게 헤딩하면서 성장하실 분을 찾아요. 저희는 바이브 코딩을 사랑합니다!
• 웹기술의 트렌드나 주요 기술에 대해 이야기 할 수 있는 분이면 더 좋아요.
• AI 도메인에 대한 기본적인 이해와 경험을 증명해 주세요! LLM, RAG, CoT, AI Agent, Agentic AI, MCP, A2A 등","• AI 비즈니스의 다양한 문제를 해결합니다.
• AI가 가져온 소프트웨어 엔지니어링의 변화를 적극적으로 받아들이고 업무에 활용합니다.
• 문제 해결을 위해 업무 영역을 넘나들며 엔지니어의 방식으로 해결합니다. 도구는 수단일 뿐이니까요.
• 회사의 자산이자 신뢰의 증거로서 모든 업무를 문서로 공유합니다.","• AI나 ML 관련 석사 이상의 학위, 혹은 같은 주제로 1년 이상 연구업무를 경험해 보신 분
• 모니터링 환경을 구축하고 성능 및 Capa를 측정하여 제품이나 서비스를 배포해 보신 분
• 함수형의 Cell과 메시징 컨셉을 이해하고 설계에 활용하시는 분
• AI를 활용한 자동화에 성과가 있으신 분
• CSP 뿐만 아니라 온프레미스 서버장비를 직접 경험해 보신 분"
"• 백엔드 개발 경력 3년 이상
• Python 기반 웹 프레임워크 경험
• RESTful API 설계 및 운영 경험
• SaaS 서비스 개발 및 서버 아키텍처 설계 경험
• Git, Linux 환경에서의 협업 능력
• 서비스 운영 및 배포 경험 (Docker, Kubernetes, nginx 등)","• 서비스 상품화 및 AI SaaS 웹 플랫폼 백엔드 개발
• Python 기반 웹서비스 및 REST API 개발
• FastAPI / Flask / Django 기반 백엔드 아키텍처 설계 및 유지보수
• 데이터베이스 설계 및 최적화
• 프론트엔드/AI팀과 협업하여 유연한 서비스 개선","• 대용량 트래픽 처리 경험
• 비동기 개발(AIOHTTP, FastAPI) 경험
• Redis, Celery, Kafka 등 메시징/캐시 처리 경험
• 대규모, 클라우드 시스템 백엔드 개발 경험
• AI/ML 모델 연동 시스템 경험"
"• SAP S/4 HANA SD 모듈 운영 9 ~ 14년차
• SD모듈 ABAP 개발 능력","• SAP SD 모듈 제약산업 중심 운영
• SD 모듈 관련 사용자 지원 및 문제해결
• SAP 1809  2023 컨버전 프로젝트 참여","• S/4 HANA PCE 운영경험 보유자
• PCE 구축/버전업 프로젝트 유경험자
• SAP 파트너사 경력자"
"• MM/PP모듈 운영 경험자(7년 이상)
• ABAP 개발 경력을 보유하신 분
• 고객과 커뮤니케이션 및 책임감이 강하신 분","• SAP MM 모듈 제약산업 중심 운영
    (제약/코스메틱/제조업 등 프로세스 운영)
• MM 모듈 관련 사용자 지원 및 문제해결
• SAP 시스템 개선 및 고도화 프로젝트 참여","• S4/HANA or PCE(Private Cloud Edtion) 운영 및
  프로젝트 경험 보유자
• PCE (Privite Clould Edtion) 전환 프로젝트 참여 가능자
• SAP ALV 개발 가능자."
"	Java/Spring Boot 백엔드 개발 실무 5년 이상 (또는 이에 준하는 역량)
	Spring Boot 기반 REST API, Web Socket 개발 경험
	Spring Security 6·JWT·OAuth2 등 인증·권한 시스템 구축 경험 
	jOOQ 또는 MyBatis, queryDSL 활용 개발 경험
	Docker 등 컨테이너 환경 구성/개발 경험
	Jenkins, Git Action 활용 CI/CD 구성 및 활용 경험
	REST/JSON API 성능 최적화·프로파일링 및 테스트(Load/E2E) 경험
	보안 코딩·TLS·네트워크 계층 암호화 실무 이해","	API 개발: Spring Boot 3 REST API 설계·구현

	채팅 서버: Websocket 기반 실시간 채팅 서버 설계, Redis Pub/Sub 또는 Kafka 로 메시지 브로커링, 세션·멤버십 관리, 메시지 암호화·저장(대화 히스토리) 및 모바일 푸시 연동

	데이터·모델: MariaDB, mongoDB, RedisDB 스키마 설계

	대용량 처리: 대량 동시 요청 큐, 비동기 파이프라인 최적화 등

	클라우드 서비스 기반의 시스템 구축 및 운영","	보안 관련 개발 경험이 있는 분
	Naver Cloud Platform (NCP)·GCP·AWS에서 AI/검색 워크로드 운영 경험, IPsec VPN 구성 경험 
	CSAP·ISMS-P 심사 대응 혹은 공공 B2B 서비스 보안성 진단 경험
	대규모 스트림 데이터(분당 수천 건 이상) 처리 파이프라인 설계 경험
	ELK/Fluentd·Prometheus·Grafana 등 모니터링 스택 구축 경험
	글로벌 서비스 개발 및 운영 경험이 있는 분
	기획, UX, 개발 등 관련 부서와 원활한 커뮤니케이션이 가능하신 분
	새로운 기술을 습득하고 업무에 활용이 가능하신 분"
"• 학력 : 대졸이상
• 경력 : 4 ~ 15년
• C++ 개발 경력 4년 이상 혹은 그에 준하는 실력을 보유하신 분
-＞ SW설계 및 디버깅과 기본적인 자료구조/알고리즘에 대한 이해 및 구현이 가능","• 로봇 소프트웨어의 내외부 통신 채널 구성 및 관리
• 로봇 소프트웨어의 상태 및 생애 주기 관리
• 로봇의 기능을 활용하는 API 설계 및 구현
• 로봇 소프트웨어의 구성 및 설정 관리
• 데이터 취합 및 보관/전달 등의 처리","• Web server/client 개발 경험
• API/SDK 설계 및 작성 경험
• CI/CD 등 자동화된 테스트 시스템 구축 경험
• Robotics 관련 경험"
"• 프론트엔드 개발가능자(html, javascript, css)
• Angular, Vue, React등 Web Framework 사용 경험자","• 로봇 서비스 활용 가능한 웹어플리케이션 개발
• 로봇 서비스를 쉽게 설치하고 운영, 이용가능한 Web UI 개발
• 멀티로봇 서비스를  위한  환경설정/모니터링/운영결과 보고를 위한 UI 개발
• 개발  로봇 운영을 위한  웹어플리케이션 개발","• JavaScript 개발 환경 및 웹 소프트웨어 생애 주기에 대해 이해가 깊은 사람
• 오픈소스 프로젝트 기여경험
• Full-Stack Web Developer 
• Angular 사용에 능숙한 사람
• CI / CD 경험자"
"• React +Node.js 기반의 웹 애플리케이션 개발 및 운영 경험
• AWS를 이용한 서비스 배포 및 운영 경험
• 데이터베이스 설계 및 관리 경험","주도적으로 서비스를 함께 만들어 나갈 팀원을 모집합니다.

• React 기반의 웹 애플리케이션 개발 및 운영
• 서비스의 프론트엔드/백엔드 기능 구현, 유지보수 및 고도화","• 모바일 앱 개발(React Native, Flutter 등) 경험
• 일렉트론(Electron) 개발 경험 
• 자체 서비스 개발 및 운영 경험"
"1. Java 기반, Web Servcie 설계 및 구축 경력  5년 이상
2. Spring Boot & REST API 기반 Web Servcie 구축 경력 3년 이상
3. RDB 설계 및 구축 경력 5년 이상
• 학력 : 대학교졸업(4년)
• 경력 : 경력10년","1. B2B, B2C, Web Service- BackEnd
• 법률, 규제, 정책 특화  Project Service 보유
• 운영 및 고도화
• Open API 를 통한 데이터 수집
2. Service Project- BackEnd
• 법률, 규제, 정책 관련 SI Project
• 해운 물류 관련 SI Project","• PM 유경험자
• 기획·설계 유경험자
• 유관업무 경력자"
"• 경력: 전문대 졸업자, 대학교(4년) 졸업자
• KOSA등급: 고급이상","1. 담당업무
• 미들웨어 운영 (JEUS7이상)
• 미들웨어 설치 및 변경관리
• 장애분석 및 성능 개선
• APM 모니터링

2. 스킬
• JEUS7, 8
• WebToBe
• Intermax
• Redis / JAVA","• 미들웨어 운영관리
• 유관업무 경력자
• 장기근무 가능자
• 성실하고 책임감 있는 운영자
• 금융 업무 운영 경험"
"• 학력: 초대졸이상
• 경력: 중급이상 (유관업무 5년이상)","1. 백업 솔루션 운용
• OS 백업: Arcserve UDP, Zconverter, BCFSync, ReaR, HP-UX Ignite, Solaris Disk Mirror 기능을 이용한 백업 운용
• F/S DB 백업: NetWorker, NetBackup, HPDP 운용

2. 백업 업무
• 일일 업무: 백업 정상 확인 및 실패 원인 분석 및 조치. 백업 미디어 관리. 백업 용량 관리
• 월간 업무: 백업 복구 테스트 수행 확인 및 보고. 정기 점검 등록 및 수행. 백업 복구 테스트
• 분기 업무: 분기별 KT 및 KTC 보고서 자료 작성
• 반기 업무: 내부통제 감사 자료 작성 및 제출
• 연간 업무: 백업 복구 테스트 연간 계획. 백업 서버 재기동

3. 그 외
• 백업 신규 구축 및 대개체 작업. 백업 SOP, 인벤토리 작성 및 관리. 장애 복구 지원. 백업 스크립트 수정.","• 관련 학과 전공자
• 관련 자격증 보유자
• 장기 근무 가능한 자
• 성실한 분"
"• 웹 어플리케이션 개발 실무 7년 이상 또는 그에 준하는 역량 보유
• PHP 7/8 및 Modern PHP 스타일 개발 경험
• RESTful API 설계 및 백엔드 서버 개발 경험
• 객체지향 프로그래밍 및 리팩토링 경험
• Git 등 형상관리 도구 사용 경험
• SQL 쿼리 작성 및 성능 튜닝 가능
• 다양한 문제 해결을 위한 디버깅 경험 및 역량
• 다양한 환경(클라우드, 온프레미스)의 인프라 구성 및 운영 경험","레저·숙박 플랫폼의 백엔드를 함께 설계하고, 다양한 클라이언트 시스템을 안정적으로 운영할 수 있는 시니어 백엔드 개발자를 찾고 있습니다.
여행·레저 산업에 대한 이해와 기술적 리더십을 바탕으로, 서비스를 주도적으로 개선하고 확장해 나갈 분을 기다립니다.

•레저 및 숙박 관련 신규 서버 개발
• B2B2C 플랫폼의 백엔드 시스템 아키텍처 설계 및 개발
• OMS, PMS 연동, 폐쇄몰, MOU 페이지 등 기존 시스템의 유지보수 및 고도화
• 데이터베이스 구조 최적화 및 인프라 환경 개선
• 폐쇄몰 및 레저-티켓 플랫폼의 기능 개발 및 운영 지원","• 유지보수성과 확장성을 고려한 모듈화 및 재사용 가능한 아키텍처 설계 역량을 보유하신 분
• 서비스를 처음부터 기획·설계·개발·운영까지 전 주기 경험이 있는 분
• Java(Spring 등) 기반 프로젝트 참여 경험 또는 병행 사용 가능한 분
• e커머스, 예약 시스템 등 관련 도메인 경험자
• 팀 리딩, 코드 리뷰, 주니어 개발자 멘토링 경험자
• 커뮤니케이션 역량이 뛰어나고 타 직군과의 협업 경험이 원활한 분"
"• Back-End 개발 관련 3년 이상의 경력이 있으신 분
• 컴퓨터 관련 전공하신 분
• 하나 이상의 언어(TypeScript, JavaScript 등) 개발 경험이 있으신 분
• MySQL 등 관계형 DBMS 사용 가능하신 분","• POS 연동 플랫폼 개발
 - 클라우드 채널 플랫폼(POS 연동) 구축 및 개발
• 연동 시스템 개발 및 운영
 - 외부 파트너와의 연동 시스템 개발 및 운영
 - 연동 시스템 통합 가이드 및 운영 문서 작성
• 연동 플랫폼 운영 및 개선
 - 주문 관련 서비스 및 타 시스템 연동 개발 및 운영","• POS 관련 개발 경험을 보유하신 분
• Windows 운영체제에 대한 높은 이해도를 보유하신 분
• MSA 경험이 있으신 분
• AWS 서비스를 효율적으로 활용할 수 있으신 분"
"• Back-End 개발 관련 10년 이상의 경력이 있으신 분
• 컴퓨터 관련 전공하신 분
• 하나 이상의 언어(TypeScript, JavaScript 등) 개발 경험이 있으신 분
• NestJS를 이용한 프로젝트 경험이 있으신 분
• MySQL 등 관계형 DBMS 사용 가능하신 분","• POS 연동 플랫폼 설계 및 개발
 - 클라우드 채널 플랫폼(POS 연동) 구축 및 개발
• 연동 시스템 개발 및 운영
 - 외부 파트너와의 연동 시스템 개발 및 운영
 - 연동 시스템 통합 가이드 및 운영 문서 작성
• 연동 플랫폼 운영 및 개선
 - 주문 관련 서비스 및 타 시스템 연동 설계, 개발 및 운영","• POS 관련 개발 경험을 보유하신 분
• Windows 운영체제에 대한 높은 이해도를 보유하신 분
• MSA 경험이 있으신 분
• AWS 서비스를 효율적으로 활용할 수 있으신 분"
"• Make, n8n, VBA, AppsScript 등 자동화 경험 혹은 SW 개발 경험 필수
• 해외 SaaS, AI 툴을 찾아보고, 사용하기 위한 영어 능력 필수
• 집요하게 자동화 방법을 찾아 낼 수 있는 높은 오너십 필수","• 기업 내 업무를 n8n, Airtable 등과 LLM으로 자동화 및 Eval 구축
• 자동화를 위한 실무자와 대화, 업무 관찰, 자동화에 쓸 AI 툴 리서치
• 셀프 유지보수를 위한 임직원 대상 자동화 관련 강의 및 코칭","• Cursor로 바이브 코딩이 가능한 개발 지식 보유자 우대
• LLM Eval 시스템 구축 경험 우대"
"• 학사이상
• Back-End 개발자 : Spring Boot, PostgreSQL, MariaDB, MySQL 3년 이상 실무 경험",• Back-End 개발자 : Spring Boot를 활용한 Back-End 개발,"• Back-End 개발자 : AWS, JPA, OOP, Unit Test 가능자, 장치,(센서) 연동, 외부 API 연동 경험자"
"• 2년 이상의 백엔드 업무 경험을 가지고 있으면서, Typescript, 데이터베이스, 클린 코드 등과 관련된 기본적인 엔지니어링 역량을 보유하신 분
• 사용자 중심의 사고를 바탕으로 프로덕트를 만들고 안정적으로 서비스를 제공해 본 경험이 있으신 분
• 팀 동료들과 함께 머리를 맞대어 복잡한 비즈니스 요구사항을 제품으로 풀어내는 것을 즐기며, 내외부 주요 이해관계자와 원활한 커뮤니케이션이 가능하신 분
• 본인이 한 개발과 디자인에 대해 설명할 수 있고, 코드 개선과 업무 논의에 열린 마음을 가지고 논리적으로 소통하실 수 있는 분
• 스스로 본인이 맡은 시스템의 부족한 부분과 발전시킬 수 있는 부분을 살피고, 상황에 맞게 리팩토링하거나 동료와 함께 개선시켜 나가실 줄 아는 분
• 개발 업무가 단순히 일이 아니라 재밌거나 즐거우신 분
• 지속적으로 성장하고자 하는 동기가 꾸준하신 분","• 계약서 생성 및 전자계약, 프로젝트/고객 관리, 영업문서 관리 등의 기능을 가진 올인원 SaaS 프릭스를 개발하고 운영해요.
• 더 안정적인 서비스 제공을 위해 추가 기능 개발, 커스텀 기능 제공, 아키텍처 및 코드 개선 등을 진행하고 효율적인 데이터 처리 방식을 고안해요.
• 계약 관리(CLM) 기능 및 계약서 AI 기능 고도화 작업을 진행해요.","• 개발자 혹은 유저로서 B2B SaaS를 경험하여 이해도가 높거나 B2B SaaS를 직접 개발하고 상용화하는 경험을 해보신 분
• NestJS로 서비스를 개발하고 실제로 안정적으로 운영한 경험을 가지고 계신 분
• MSA 프로젝트 개발 혹은 전환을 진행해 보신 분
• 시스템 보안 및 외부 연동/제공 API 개발 경험 혹은 이와 관련된 기술적 이해가 있으신 분"
"""이런 분이라면 목표 달성에 확신을 얻을 것 같아요""
• Java, Spring, AWS 기반 웹 백엔드 서비스 개발 경험이 있으신 분
• RESTful API 설계 및 개발 경험을 보유하신 분
• DB 쿼리 분석을 통한 최적화 경험이 있으신 분
• 대용량 트래픽 최적화하고 분산 처리 구현 경험이 있으신 분
• 자료구조, 운영체제, 컴퓨터 아키텍쳐, OOP 등 기본 CS 지식을 갖추신 분","""미리디에서 ​이런 일들을 함께 하고 ​싶어요""
• MSA ​전환 과정에 ​참여하여, 기존 모놀리식 ​아키텍처를 마이크로서비스로 ​분리하는 ​경험을 쌓고, ​서비스 ​확장성과 ​유지보수성을 높이는 설계를 ​주도합니다.
• 실시간 ​저장 및 동시 ​편집 ​기능을 ​구현하며, 기술적으로 복잡한 ​시스템 아키텍처를 ​설계하고 ​최적화하는 도전을 ​경험합니다.
• AI 기술을 ​활용한 ​추천 시스템 개발에 ​참여하여, 사용자 ​맞춤형 디자인 경험을 제공하고 서비스의 가치를 높입니다.
• 글로벌 사용자들을 위한 서비스 최적화 및 인프라 설계를 통해 글로벌 트래픽 관리와 다국어 지원 등 글로벌 서비스 운영 경험을 쌓습니다.
• PM, 기획자와 긴밀히 협업하여 요구사항을 도출하고 일정을 수립하며, 빠르고 효율적인 개발 프로세스를 이끌어갑니다.
• 동료와의 코드 리뷰 및 기술 토론을 통해 서비스 성능을 최적화하고, 개발 문화를 함께 만들어갑니다.","""이런 분이라면 장기적으로 서로에게 더 긍정적일 것 같아요!""
• Spring WebFlux 기반 Reactive Programming 개발 경험이 있으신 분
• 디자인패턴을 이해하여 코드에 적용할 수 있고 아키텍쳐 설계에 능숙하신 분
• 클린 코드를 작성할 줄 알며 코드 리뷰를 통한 리팩토링에 능하신 분
• 유관 부서와 원활하게 소통할 수 있는 뛰어난 커뮤니케이션 능력을 갖추신 분

 |  미리디에서 활용하는 기술 스택
• 언어 및 프레임워크: Java, Spring MVC
• 데이터베이스: PostgreSQL, MongoDB, DynamoDB, Redis, Vector 데이터베이스
• 검색 엔진: AWS Opensearch
• 모니터링 : Datadog, CloudWatch
• 데이터솔루션 : Databricks
• 클라우드 환경: AWS"
"PHP 기반 웹 서비스 개발 실무 2년 이상
객체지향 프로그래밍 및 디자인 패턴 활용 능력
MySQL/MariaDB 등 RDBMS 설계 및 쿼리 최적화 경험
PDO, ORM 등 데이터베이스 추상화 계층 활용 경험
RESTful API 설계 및 외부 시스템 연동 경험
HTML/CSS 및 JavaScript를 활용한 UI/UX 개발 능력
Git 기반 협업 및 브랜치 전략 실무 경험
원활한 커뮤니케이션 및 협업 역량","BTS Platform의 PHP 기반 백엔드 아키텍처 설계 및 고도화
신규 서비스 및 비즈니스 로직 설계, 구현, 최적화
대용량 트래픽/데이터를 고려한 성능 개선 및 장애 대응
보안(입력 검증, 인증/인가, 데이터 보호) 강화 및 정책 수립
코드 품질 개선, 리팩토링, 테스트 자동화, 문서화
HTML/CSS 기반 UI/UX 개선 및 프론트엔드와의 협업
서버 운영, 배포 자동화, 모니터링 등 DevOps 업무","스타트업 환경에서의 개발 경험
플랫폼 서비스 개발 참여 경험
공항 산업, 물류, 플랫폼 사업에 관심 있는 분  
인천공항으로 출퇴근 가능하신 분
스타트업 환경 또는 플랫폼 서비스 개발 경험
리눅스 서버 환경에서의 서비스 운영 및 배포 경험
대규모 트래픽 서비스 운영 경험"
"• JAVA언어 기반의 Spring 개발 경험을 보유하신 분
• MySQL 혹은 PostgreSQL과 같은 RDBMS를 활용 가능하신 분
• RDBMS 구조를 설계하고 확장성 있는 DB 구조를 고민해 보신 분
• Database ORM (JPA/Hibernate/Querydsl 등) 관련 기술에 대한 경험이 있으신 분
• 캐시를 활용하여 서비스 성능개선을 경험해보신 분
• 대학 졸업자 이상 (2025년 08월 졸업 예정자 포함)


기술스택
• Spring(Java)
• MySQL (RDS)
• Redis 
• MongoDB 
• 기타 인프라","• 집품 서비스의 전반적인 백엔드 개발 업무를 담당합니다.
   (비즈니스 로직 설계, DB 관리 및 성능최적화, RestfulAPI 제작)
• 백엔드 API와 아키텍쳐에 대한 설계, 구현, 테스트, 문서화를 진행합니다.
• 서버 안정성과 API 속도향상을 위해 기능을 체크하고 개선점을 파악합니다.","• 공공데이터 관련 활용 경험이 있거나 이해도가 높으신 분
• RDBMS의 실행계획을 통해 인덱스 튜닝 / 쿼리 튜닝 등을 진행해 본 경험이 있으신 분
• 로그를 통해 상태를 분석하고 로직의 성능을 개선해보신 경험이 있으신 분
• Sentry, Datadog등을 활용하여 실시간 오류를 분석하고 서비스를 개선해보신 경험이 있으신 분
• 테스트 프레임 워크를 통해 테스트 코드를 작성해 보신 분
• ElasticSearch를 활용해보신 경험이 있으신 분
• 24/365 무중단 서비스를 경험해 보신 분"
"• 백엔드 개발 경력 3년 이상 또는 그에 준하는 역량을 보유하신 분.
    - 단, 전문연구요원(병역특례) 지원자의 경우, 해당 경력 요건과 무관하게 지원 및 채용 절차 진행이 가능합니다.
• AI 모델 서빙 및 ML 파이프라인 관련 기본 지식을 보유하신 분.
• On-Premise 및 클라우드 환경에서의 개발 및 운영 경험을 보유하신 분.
• 백엔드 성능 최적화 및 대용량 데이터 처리 경험을 보유하신 분.
• 업무 진행 및 개발 결과를 체계적으로 문서화할 수 있는 분.
• 팀원들과 원활한 협업 및 커뮤니케이션 능력을 보유하신 분.","이번에 모집하는 “AI 백엔드 시스템 엔지니어”는 대용량 데이터를 효율적으로 처리하고, AI 모델을 최적화하여 서비스에 적용하는 백엔드 시스템을 구축하는 핵심 역할을 담당하실 분을 찾고 있습니다.

• 백엔드 아키텍처 설계 및 운영 (On-Premise 및 Cloud 환경)
• 대용량 문서 데이터 처리 및 최적화
• JSON 기반 데이터 송수신 로직 설계 및 구현
• MSA 기반의 백엔드 시스템 설계 및 운영
• Document AI 모델 서빙, API 개발 및 최적화
• ML 파이프라인 및 데이터 처리 파이프라인 구축
• MLOps 구축 및 운영을 통한 모델 서빙 및 배포 자동화
• RAG 기반 AI 시스템 설계 및 구현
• 서비스 안정성을 위한 로그 수집 및 모니터링 시스템 구축

• 주요 언어 및 프레임워크: Python, FastAPI
• 데이터베이스: PostgreSQL, Redis
• 클라우드 및 인프라: AWS (S3, Lambda, ECS 등), Docker, Docker-Compose
• 기타: Git, CI/CD, 대용량 데이터 처리 기술, Kubernetes, Istio, Helm, Triton","• AI 모델 서빙 또는 ML 파이프라인 구축 경험을 보유하신 분.
• On-premise 서버 배포 솔루션 개발 경험을 보유하신 분.
• MLOps 구축 및 운영 경험을 보유하신 분.
• RAG 기반 AI 시스템 설계 및 구현 경험을 보유하신 분.
• OCR, NLP, LLM, RAG 등 문서 AI 관련 프로젝트 경험을 보유하신 분.
• Kubernetes, Istio, Helm 등 클라우드 환경 구축 및 운영 경험을 보유하신 분.
• 대규모 트래픽을 처리할 수 있는 백엔드 아키텍처 설계 및 운영 경험을 보유하신 분.
• DevOps 및 자동화된 배포 환경 구축 경험을 보유하신 분."
"• 시스템 설계 경험
• 데이터베이스 설계 경험
• 클라우드 (AWS/NCP/GCP 등) 운영 경험
• 테크 스택: Node.js(Express) / NestJS, AWS, RDBMS(MySQL), NoSQL(MongoDB, Redis 등)

CI/CD를 이용한 자동 배포 경험","• B2C 신규 서비스 개발 및 기존 서비스 마이그레이션
• 기존 서비스 분석 및 운영과 안정화
• 운영팀과의 원활한 소통
• 서비스 구현을 위한 개발 전략 수립
• 코드리뷰 및 기술 리더십
• 데이터베이스 마이그레이션","• 대용량 시스템 설계/운영 경험
• 애자일 및 DDD에 대해 높은 이해도를 가지신 분
• 중대형 서비스의 마이그레이션 경험이 있으신 분
• DB cluster에 기반한 Multi schema, Reader/Writer 환경에서 MSA 개발 및 운영 경험이 있으신 분
• 이벤트/메시지 기반의 MSA 구현 경험을 가지신 분 (RabbitMQ/Kafka 등)"
"• Node.js, Java, PHP, Python 백엔드 개발 경력이 3년 이상 또는 이에 준하는 실력을 보유하신 분
• Go 언어를 이용한 백엔드 개발에 도전하고자 하는 의지가 있으신 분
• Database (MySQL, Redis, ElasticSearch …)를 연동한 프로젝트 경험이 있으신 분
• HTTP 통신에 대한 기본적인 이해와 RESTful API 설계 · 개발 경험이 있으신 분
• 주도적으로 문제를 발견하고 해결하며, 지속적인 개선을 추구하시는 분
• 협업의 즐거움을 알고 적극적이면서도 겸손한 커뮤니케이션이 가능한 분","• Go 언어 기반 백엔드 개발 (Node.js, Java, PHP, Python 경험자 가능)
• API 성능 개선","• IT 관련 학과 4년제 학사 이상의 전공을 가지신 분
• Go 언어를 활용한 API 개발 경험이 있으신 분
• OAuth2 기반 인증 서버를 구축하고 서비스에 적용한 경험이 있으신 분
• RDB 설계 및 SQL 쿼리 작성 · 최적화에 능숙하신 분
• Git을 이용한 협업이 익숙하신 분
• AWS 인프라 구축 및 서비스 운영, 비용 최적화한 경험이 있으신 분
• 대용량 트래픽 분산 처리에 대한 경험이 있으신 분"